check_id,description,ok,detail
round1_covers_the_states_that_govern_the_two_flips,第一轮采样覆盖 DMC/EMC/GBL/SL 的自由态与阳离子态（两对翻转的决定性态）,true,8 molecule-state pairs
sampling_is_labelled_as_a_screen_not_a_production_free_energy,采样层显式标注为气相 GFN2 筛选，不外推到生产级自由能,true,xTB GFN2 (gas phase) conformer screening
undetermined_states_are_registered_not_inferred,未算的分子-态显式标 not_computed，不推断结论,true,8/8 computed
li_motif_sampling_is_registered_separately,Li 配位 motif 采样单列登记，且绝不并进自由态结论（不共用自由态结构集合与判定）,true,8 Li entries; 8 computed
conformer_set_structures_come_from_the_registered_pool,结构集合的每个结构都来自登记的两轮采样池，不引入池外几何,true,10 structures kept
conformer_set_geometries_are_hash_recorded,每个入选结构的几何文件存在且逐条记录 sha256（可原样复核与重跑）,true,10/10 hashed
round2_uses_one_uniform_pool_across_states,第 2 轮对所有分子-态用同一 seed 与同一起点数（统一池、不逐态调参）,true,round-2 optimised counts: 64
escalation_is_registered_not_decided_by_outcome,3 -> 6 升级只登记待判（等第 1 轮自由能），不按结果事后决定,true,8 states registered / 8 pool-limited
designated_sampling_set_deviation_is_registered,方案 3.3 指定的采样集（EMC/DEC/DME/TMP）与本层实际执行集（DMC/EMC/GBL/SL）的偏差显式登记，不宣称完成 3.3,true,registered=EMC/DEC/DME/TMP executed=DMC/EMC/GBL/SL; DEC/DME/TMP have no sampling product
