i,j,d_vertical_S1_ev,d_vertical_S2_ev,d_vertical_S3_ev,d_vertical_S4_ev,d_adiabatic_S1_ev,d_adiabatic_S2_ev,d_adiabatic_S3_ev,d_adiabatic_S4_ev,vertical_range_ev,adiabatic_range_ev,vertical_sign_consistent,adiabatic_sign_consistent,sign_flip_across_legs
AN,TMP,0.630468,0.604773,0.860529,0.837720,1.242790,1.215676,1.309916,1.285520,0.255756,0.094240,true,true,false
DMC,AN,-0.505963,-0.491896,-0.764768,-0.750821,-1.007399,-0.987690,-0.964824,-0.946494,0.272872,0.060905,true,true,false
DMC,DME,1.661695,1.655162,1.576044,1.567263,1.531579,1.524990,1.688839,1.681691,0.094432,0.163849,true,true,false
DMC,EC,0.199119,0.196907,0.132094,0.129995,-0.113801,-0.119198,-0.127492,-0.129514,0.069124,0.015714,true,true,true
DMC,EMC,0.226251,0.225981,0.100882,0.102138,0.834922,0.843570,0.900600,0.909758,0.125369,0.074836,true,true,false
DMC,GBL,0.923077,0.913184,0.718262,0.714612,0.507250,0.503757,0.567811,0.565046,0.208465,0.064053,true,true,false
DMC,SL,0.938934,0.919303,0.813313,0.796044,0.336820,0.325524,0.464105,0.453253,0.142890,0.138581,true,true,false
DMC,TMP,0.124505,0.112876,0.095761,0.086899,0.235391,0.227986,0.345092,0.339026,0.037606,0.117106,true,true,false
DME,AN,-2.167658,-2.147059,-2.340812,-2.318084,-2.538978,-2.512680,-2.653663,-2.628186,0.193753,0.140984,true,true,false
DME,GBL,-0.738618,-0.741978,-0.857782,-0.852651,-1.024329,-1.021232,-1.121029,-1.116645,0.119164,0.099796,true,true,false
DME,SL,-0.722761,-0.735860,-0.762731,-0.771219,-1.194759,-1.199466,-1.224735,-1.228438,0.048457,0.033679,true,true,false
DME,TMP,-1.537190,-1.542286,-1.480283,-1.480364,-1.296188,-1.297004,-1.343747,-1.342665,0.062003,0.047559,true,true,false
EC,AN,-0.705082,-0.688804,-0.896862,-0.880816,-0.893599,-0.868491,-0.837332,-0.816980,0.208058,0.076619,true,true,false
EC,DME,1.462576,1.458255,1.443950,1.437268,1.645380,1.644188,1.816331,1.811206,0.025308,0.172143,true,true,false
EC,GBL,0.723958,0.716277,0.586168,0.584617,0.621051,0.622956,0.695303,0.694561,0.139341,0.074252,true,true,false
EC,SL,0.739815,0.722395,0.681219,0.666049,0.450621,0.444722,0.591597,0.582767,0.073765,0.146874,true,true,false
EC,TMP,-0.074614,-0.084031,-0.036333,-0.043096,0.349192,0.347185,0.472584,0.468540,0.047698,0.125399,true,true,true
EMC,AN,-0.732214,-0.717877,-0.865650,-0.852959,-1.842321,-1.831260,-1.865424,-1.856252,0.147773,0.034164,true,true,false
EMC,DME,1.435444,1.429182,1.475162,1.465125,0.696657,0.681420,0.788240,0.771933,0.045980,0.106820,true,true,false
EMC,EC,-0.027132,-0.029073,0.031212,0.027857,-0.948723,-0.962769,-1.028092,-1.039272,0.060285,0.090550,false,true,false
EMC,GBL,0.696826,0.687204,0.617380,0.612475,-0.327672,-0.339813,-0.332789,-0.344712,0.084352,0.017040,true,true,true
EMC,SL,0.712682,0.693322,0.712431,0.693907,-0.498102,-0.518046,-0.436495,-0.456505,0.019361,0.081551,true,true,true
EMC,TMP,-0.101746,-0.113104,-0.005122,-0.015238,-0.599531,-0.615584,-0.555508,-0.570732,0.107983,0.060076,true,true,false
GBL,AN,-1.429040,-1.405081,-1.483030,-1.465433,-1.514649,-1.491447,-1.532635,-1.511541,0.077950,0.041187,true,true,false
GBL,SL,0.015856,0.006118,0.095051,0.081432,-0.170430,-0.178233,-0.103706,-0.111793,0.088933,0.074527,true,true,true
GBL,TMP,-0.798572,-0.800308,-0.622502,-0.627713,-0.271859,-0.275771,-0.222719,-0.226020,0.177806,0.053052,true,true,false
SL,AN,-1.444897,-1.411199,-1.578081,-1.546865,-1.344219,-1.313214,-1.428929,-1.399748,0.166882,0.115715,true,true,false
SL,TMP,-0.814429,-0.806426,-0.717553,-0.709145,-0.101429,-0.097538,-0.119013,-0.114227,0.105284,0.021475,true,true,false
