species,name,value_V_vs_Li,transcription_source,transcription_source_doi,transcription_source_access,transcription_source_locator,transcription_quoted_value_V,concordance,primary_source,primary_source_refs,primary_source_identity,primary_source_status,note
EMC,ethyl methyl carbonate,7.0,"Okoshi et al. 2015, ECS Electrochem. Lett. 4(9) A103-A105",10.1149/2.0051509eel,open_access_cc_by_4_0,"Fig.1 caption, p.A104",7.0,match,Ue et al. (Okoshi 2015 refs 1-2),ref1=10.1149/1.2059270; ref2=10.1149/1.1837882,crossref_verified,full_text_not_obtained,
PC,propylene carbonate,6.9,"Okoshi et al. 2015, ECS Electrochem. Lett. 4(9) A103-A105",10.1149/2.0051509eel,open_access_cc_by_4_0,"Fig.1 caption, p.A104",6.9,match,Ue et al. (Okoshi 2015 refs 1-2),ref1=10.1149/1.2059270; ref2=10.1149/1.1837882,crossref_verified,full_text_not_obtained,
MA,methyl acetate,6.7,"Okoshi et al. 2015, ECS Electrochem. Lett. 4(9) A103-A105",10.1149/2.0051509eel,open_access_cc_by_4_0,"Fig.1 caption, p.A104",6.7,match,Ue et al. (Okoshi 2015 refs 1-2),ref1=10.1149/1.2059270; ref2=10.1149/1.1837882,crossref_verified,full_text_not_obtained,
SL,sulfolane,6.6,"Okoshi et al. 2015, ECS Electrochem. Lett. 4(9) A103-A105",10.1149/2.0051509eel,open_access_cc_by_4_0,"Fig.1 caption, p.A104",6.6,match,Ue et al. (Okoshi 2015 refs 1-2),ref1=10.1149/1.2059270; ref2=10.1149/1.1837882,crossref_verified,full_text_not_obtained,transcription source prints the abbreviation SFL (sulfolane).
EC,ethylene carbonate,6.5,"Okoshi et al. 2015, ECS Electrochem. Lett. 4(9) A103-A105",10.1149/2.0051509eel,open_access_cc_by_4_0,"Fig.1 caption, p.A104",6.5,match,Ue et al. (Okoshi 2015 refs 1-2),ref1=10.1149/1.2059270; ref2=10.1149/1.1837882,crossref_verified,full_text_not_obtained,CONDITION_MATCH_UNVERIFIED: Ue1994 溶剂选择判据为 mp<30°C，EC 熔点 36.4°C 被排除，此值大概率来自 ref2；ref2 全文未取得，条件是否一致仍不可验，故保持原标记。
DOL,"1,3-dioxolane",5.5,"Okoshi et al. 2015, ECS Electrochem. Lett. 4(9) A103-A105",10.1149/2.0051509eel,open_access_cc_by_4_0,"Fig.1 caption, p.A104",5.5,match,Ue et al. (Okoshi 2015 refs 1-2),ref1=10.1149/1.2059270; ref2=10.1149/1.1837882,crossref_verified,full_text_not_obtained,
DMSO,dimethyl sulfoxide,4.8,"Okoshi et al. 2015, ECS Electrochem. Lett. 4(9) A103-A105",10.1149/2.0051509eel,open_access_cc_by_4_0,"Fig.1 caption, p.A104",4.8,match,Ue et al. (Okoshi 2015 refs 1-2),ref1=10.1149/1.2059270; ref2=10.1149/1.1837882,crossref_verified,full_text_not_obtained,
GN,glutaronitrile,8.3,"Okoshi et al. 2015, ECS Electrochem. Lett. 4(9) A103-A105",10.1149/2.0051509eel,open_access_cc_by_4_0,"Fig.1 caption, p.A104",8.3,match,Ue et al. (Okoshi 2015 refs 1-2),ref1=10.1149/1.2059270; ref2=10.1149/1.1837882,crossref_verified,full_text_not_obtained,
BC,butylene carbonate,7.5,"Okoshi et al. 2015, ECS Electrochem. Lett. 4(9) A103-A105",10.1149/2.0051509eel,open_access_cc_by_4_0,"Fig.1 caption, p.A104",7.5,match,Ue et al. (Okoshi 2015 refs 1-2),ref1=10.1149/1.2059270; ref2=10.1149/1.1837882,crossref_verified,full_text_not_obtained,
NE,nitroethane,6.5,"Okoshi et al. 2015, ECS Electrochem. Lett. 4(9) A103-A105",10.1149/2.0051509eel,open_access_cc_by_4_0,"Fig.1 caption, p.A104",6.5,match,Ue et al. (Okoshi 2015 refs 1-2),ref1=10.1149/1.2059270; ref2=10.1149/1.1837882,crossref_verified,full_text_not_obtained,
MPN,3-methoxypropionitrile,6.4,"Okoshi et al. 2015, ECS Electrochem. Lett. 4(9) A103-A105",10.1149/2.0051509eel,open_access_cc_by_4_0,"Fig.1 caption, p.A104",6.4,match,Ue et al. (Okoshi 2015 refs 1-2),ref1=10.1149/1.2059270; ref2=10.1149/1.1837882,crossref_verified,full_text_not_obtained,
MAN,methoxyacetonitrile,6.3,"Okoshi et al. 2015, ECS Electrochem. Lett. 4(9) A103-A105",10.1149/2.0051509eel,open_access_cc_by_4_0,"Fig.1 caption, p.A104",6.3,match,Ue et al. (Okoshi 2015 refs 1-2),ref1=10.1149/1.2059270; ref2=10.1149/1.1837882,crossref_verified,full_text_not_obtained,
NMO,N-methyloxazolidinone,5.0,"Okoshi et al. 2015, ECS Electrochem. Lett. 4(9) A103-A105",10.1149/2.0051509eel,open_access_cc_by_4_0,"Fig.1 caption, p.A104",5.0,match,Ue et al. (Okoshi 2015 refs 1-2),ref1=10.1149/1.2059270; ref2=10.1149/1.1837882,crossref_verified,full_text_not_obtained,
DMI,"1,3-dimethyl-2-imidazolidinone",4.5,"Okoshi et al. 2015, ECS Electrochem. Lett. 4(9) A103-A105",10.1149/2.0051509eel,open_access_cc_by_4_0,"Fig.1 caption, p.A104",4.5,match,Ue et al. (Okoshi 2015 refs 1-2),ref1=10.1149/1.2059270; ref2=10.1149/1.1837882,crossref_verified,full_text_not_obtained,
