mol_id,name,family,n_atoms,opt_status,imaginary_modes,opt_seconds,n_opt_steps,sp_status,ip_g1_ev,ea_g1_ev,ip_g2_ev,ea_g2_ev,d_ip_ev,d_ea_ev,qc_flags,g2_geometry,error
C04,EC,cyclic_carbonate,10.0,ok,true,193.79,6.0,ok,10.769123,-2.590256,10.78115,-2.446249,0.012027,0.144007,imaginary_mode_unresolved,outputs/week4/t2_opt_freq/EC/EC_G2.xyz,
C05,PC,cyclic_carbonate,13.0,ok,false,430.98,12.0,ok,10.538833,-2.885739,10.600343,-2.809667,0.06151,0.076072,,outputs/week4/t2_opt_freq/PC/PC_G2.xyz,
C01,DMC,linear_carbonate,12.0,ok,false,302.02,6.0,ok,10.579877,-3.464633,10.596716,-3.1349,0.016839,0.329733,,outputs/week4/t2_opt_freq/DMC/DMC_G2.xyz,
C02,EMC,linear_carbonate,15.0,ok,false,303.82,6.0,ok,10.201591,-3.316972,10.230493,-3.230142,0.028901,0.08683,,outputs/week4/t2_opt_freq/EMC/EMC_G2.xyz,
C08,DME,ether,16.0,ok,false,353.73,10.0,ok,8.856018,-3.729274,8.889516,-3.620388,0.033497,0.108886,,outputs/week4/t2_opt_freq/DME/DME_G2.xyz,
C09,DOL,ether,11.0,ok,true,196.22,6.0,ok,9.313142,-4.087074,9.380578,-4.027704,0.067436,0.05937,imaginary_mode_unresolved,outputs/week4/t2_opt_freq/DOL/DOL_G2.xyz,
C13,GBL,ester,12.0,ok,false,347.22,8.0,ok,9.951541,-2.57924,9.99023,-2.459793,0.038688,0.119447,,outputs/week4/t2_opt_freq/GBL/GBL_G2.xyz,
C16,AN,nitrile,6.0,ok,false,146.45,4.0,ok,12.140437,-3.196375,12.091154,-3.168571,-0.049283,0.027804,,outputs/week4/t2_opt_freq/AN/AN_G2.xyz,
C18,SN,nitrile,10.0,ok,false,249.24,5.0,ok,11.603637,-1.854302,11.541108,-1.719385,-0.062529,0.134917,,outputs/week4/t2_opt_freq/SN/SN_G2.xyz,
C15,DMSO,sulfoxide,10.0,ok,false,242.65,6.0,ok,8.814169,-2.779289,8.774298,-2.742647,-0.039872,0.036643,,outputs/week4/t2_opt_freq/DMSO/DMSO_G2.xyz,
C14,SL,sulfone,15.0,ok,false,340.51,5.0,ok,9.793052,-2.977687,9.735116,-2.862433,-0.057936,0.115254,,outputs/week4/t2_opt_freq/SL/SL_G2.xyz,
C17,TMP,phosphate,17.0,ok,false,347.26,9.0,ok,10.056812,-2.913135,9.980245,-2.738986,-0.076567,0.174148,,outputs/week4/t2_opt_freq/TMP/TMP_G2.xyz,
