mol_id,name,state,charge,multiplicity,basis,level,e_sp_solution_ev,g_single_ev,zpe_ev,thermal_corr_ev,std_state_corr_ev,n_conformers,identity_label,opt_converged,terminated,n_freq,imaginary_modes,lowest_freq_cm1,li_o_ang,nonli_components,register_status,note
C01,DMC,M,0,1,def2-TZVP,wB97X-D4 def2-TZVP SMD(acetonitrile) Opt NumFreq (qRRHO=True),-9356.764736950,-9354.990481369,2.608591787,1.774255582,0.082148454,1,intact,true,true,36,0,116.03,,,produced_single_conformer,
C01,DMC,M_plus,1,2,def2-TZVPD,wB97X-D4 def2-TZVPD SMD(acetonitrile) Opt NumFreq (qRRHO=True),-9348.322903697,-9346.734677940,2.453097218,1.588225756,0.082148454,1,intact,true,true,36,0,70.26,,,produced_single_conformer,
C01,DMC,LiM_plus,1,1,def2-TZVPD,,,,,,,,,,,,,,,,planned,
C01,DMC,LiM_2plus,2,2,def2-TZVPD,,,,,,,,,,,,,,,,planned,
C01,DMC,M_tzvpd,,,,,,,,,,,,,,,,,,,planned,def2-TZVPD neutral leg; only this leg makes the free-molecule Gox_single and the coordination shift same-basis
C02,EMC,M,0,1,def2-TZVP,wB97X-D4 def2-TZVP SMD(acetonitrile) Opt NumFreq (qRRHO=True),-10427.728310969,-10425.223402455,3.384367184,2.504908514,0.082148454,1,intact,true,true,45,0,77.89,,,produced_single_conformer,
C02,EMC,M_plus,1,2,def2-TZVPD,wB97X-D4 def2-TZVPD SMD(acetonitrile) Opt NumFreq (qRRHO=True),-10419.591101565,-10417.153770352,3.345322926,2.437331213,0.082148454,1,intact,true,true,45,0,62.29,,,produced_single_conformer,
C02,EMC,LiM_plus,1,1,def2-TZVPD,,,,,,,,,,,,,,,,planned,
C02,EMC,LiM_2plus,2,2,def2-TZVPD,,,,,,,,,,,,,,,,planned,
C02,EMC,M_tzvpd,,,,,,,,,,,,,,,,,,,planned,def2-TZVPD neutral leg; only this leg makes the free-molecule Gox_single and the coordination shift same-basis
C13,GBL,M,0,1,def2-TZVP,wB97X-D4 def2-TZVP SMD(acetonitrile) Opt NumFreq (qRRHO=True),-8346.741289645,-8344.812901968,2.705862152,1.928387676,0.082148454,1,intact,true,true,36,0,150.06,,,produced_single_conformer,
C13,GBL,M_plus,1,2,def2-TZVPD,wB97X-D4 def2-TZVPD SMD(acetonitrile) Opt NumFreq (qRRHO=True),-8339.037018838,-8337.180203094,2.652784439,1.856815744,0.082148454,1,intact,true,true,36,0,164.90,,,produced_single_conformer,
C13,GBL,LiM_plus,1,1,def2-TZVPD,,,,,,,,,,,,,,,,planned,
C13,GBL,LiM_2plus,2,2,def2-TZVPD,,,,,,,,,,,,,,,,planned,
C13,GBL,M_tzvpd,0,1,def2-TZVPD,wB97X-D4 def2-TZVPD SMD(acetonitrile) Opt NumFreq (qRRHO=True),-8346.791304173,-8344.865468108,2.703737215,1.925836065,0.082148454,1,intact,true,true,36,0,146.18,,,produced_single_conformer,def2-TZVPD neutral leg; only this leg makes the free-molecule Gox_single and the coordination shift same-basis
C14,SL,M,0,1,def2-TZVP,wB97X-D4 def2-TZVP SMD(acetonitrile) Opt NumFreq (qRRHO=True),-19215.408041126,-19212.861505449,3.382069454,2.546535948,0.082148454,1,intact,true,true,45,0,37.15,,,produced_single_conformer,
C14,SL,M_plus,1,2,def2-TZVPD,,,,,,,,,,,,,,,,planned,
C14,SL,LiM_plus,1,1,def2-TZVPD,,,,,,,,,,,,,,,,planned,
C14,SL,LiM_2plus,2,2,def2-TZVPD,,,,,,,,,,,,,,,,planned,
C14,SL,M_tzvpd,,,,,,,,,,,,,,,,,,,planned,def2-TZVPD neutral leg; only this leg makes the free-molecule Gox_single and the coordination shift same-basis
