mol_id,name,family,n_atoms,ip_p1v_ev,ea_p1v_ev,ip_p1a_ev,ea_p1a_ev,d_ip_ev,d_ea_ev,neutral_relaxed_eh,cation_opt_eh,anion_opt_eh,cation_status,anion_status,cation_converged,anion_converged,ea_qc_flags,g2_geometry,error
C04,EC,cyclic_carbonate,10,10.76912321254072,-2.590256069213751,10.39413878305565,,-0.37498442948506927,,-342.353441833827,-341.97146427895,,ok,,True,,,outputs/week4/t2_opt_freq/EC/EC_G2.xyz,
C05,PC,cyclic_carbonate,13,10.538833241026927,-2.8857388675120497,10.214085652460366,,-0.32474758856656116,,-381.662807832674,-381.287447108302,,ok,,True,,,outputs/week4/t2_opt_freq/PC/PC_G2.xyz,
C01,DMC,linear_carbonate,12,10.579877088551207,-3.46463324072837,10.17417420745493,,-0.4057028810962766,,-343.553302158909,-343.179408153088,,ok,,True,,,outputs/week4/t2_opt_freq/DMC/DMC_G2.xyz,
C02,EMC,linear_carbonate,15,10.201591260622601,-3.316972420943418,9.251275253431134,,-0.9503160071914678,,-382.859041171182,-382.519063076358,,ok,,True,,,outputs/week4/t2_opt_freq/EMC/EMC_G2.xyz,
C08,DME,ether,16,8.856018336592793,-3.7292739267656048,8.44604068024466,,-0.40997765634813277,,-308.778478966667,-308.4680926966,,ok,,True,,,outputs/week4/t2_opt_freq/DME/DME_G2.xyz,
C09,DOL,ether,11,9.313142144474957,-4.08707430953641,9.172385646537315,,-0.14075649793764278,,-268.292311609763,-267.955232654519,,ok,,True,,,outputs/week4/t2_opt_freq/DOL/DOL_G2.xyz,
C13,GBL,ester,12,9.951541251997265,-2.5792403482953783,9.707066803297796,,-0.244474448699469,,-306.439133875649,-306.082405750314,,ok,,True,,,outputs/week4/t2_opt_freq/GBL/GBL_G2.xyz,
C16,AN,nitrile,6,12.14043668219169,-3.196374998361386,11.828993591125073,,-0.31144309106661616,,-132.716132016158,-132.281424519664,,ok,,True,,,outputs/week4/t2_opt_freq/AN/AN_G2.xyz,
C18,SN,nitrile,10,11.6036374886256,-1.8543019637013856,11.370724098602059,,-0.2329133900235405,,-264.231710481311,-263.813844078041,,ok,,True,,,outputs/week4/t2_opt_freq/SN/SN_G2.xyz,
C15,DMSO,sulfoxide,10,8.814169357077578,-2.779289014525108,8.53092291168049,,-0.2832464453970882,,-553.138035291836,-552.824529657299,,ok,,True,,,outputs/week4/t2_opt_freq/DMSO/DMSO_G2.xyz,
C14,SL,sulfone,15,9.793051827534025,-2.9776870348779285,9.528853842724846,,-0.26419798480917933,,-705.756425637826,-705.406246717995,,ok,,True,,,outputs/week4/t2_opt_freq/SL/SL_G2.xyz,
C17,TMP,phosphate,17,10.056812227977222,-2.9131345341917383,9.437638738078098,,-0.6191734898991239,,-761.972207847549,-761.625381020986,,ok,,True,,,outputs/week4/t2_opt_freq/TMP/TMP_G2.xyz,
