record_id,mol_id,name,state,setting_id,functional,basis,geometry_source,geometry_available,geometry_kind,adds_new_geometry,adds_new_frequency,budget_sp,status,blocked_on,note
C02|M|S3,C02,EMC,M,S3,PBE0-D4,def2-TZVP,work/wp2prod/EMC/M/EMC_M_opt.xyz,true,production_optimised,false,false,1,ready,,registered production Opt geometry; the raw ORCA output stays outside the repository and outside the delivery mirror
C02|M|S4,C02,EMC,M,S4,PBE0-D4,def2-TZVPD,work/wp2prod/EMC/M/EMC_M_opt.xyz,true,production_optimised,false,false,1,ready,,registered production Opt geometry; the raw ORCA output stays outside the repository and outside the delivery mirror
C02|M_plus|S3,C02,EMC,M_plus,S3,PBE0-D4,def2-TZVP,work/wp2prod/EMC/M_plus/EMC_M_plus_opt.xyz,true,production_optimised,false,false,1,ready,,registered production Opt geometry; the raw ORCA output stays outside the repository and outside the delivery mirror
C02|M_plus|S4,C02,EMC,M_plus,S4,PBE0-D4,def2-TZVPD,work/wp2prod/EMC/M_plus/EMC_M_plus_opt.xyz,true,production_optimised,false,false,1,ready,,registered production Opt geometry; the raw ORCA output stays outside the repository and outside the delivery mirror
C02|LiM_plus|S3,C02,EMC,LiM_plus,S3,PBE0-D4,def2-TZVP,work/wp2prod/EMC/LiM_plus/EMC_LiM_plus_opt.xyz,false,production_optimised,false,false,1,blocked_on_production_leg,C02|LiM_plus,the production Opt/Freq leg is not registered yet; both single points are queued only after it lands
C02|LiM_plus|S4,C02,EMC,LiM_plus,S4,PBE0-D4,def2-TZVPD,work/wp2prod/EMC/LiM_plus/EMC_LiM_plus_opt.xyz,false,production_optimised,false,false,1,blocked_on_production_leg,C02|LiM_plus,the production Opt/Freq leg is not registered yet; both single points are queued only after it lands
C02|LiM_2plus|S3,C02,EMC,LiM_2plus,S3,PBE0-D4,def2-TZVP,work/wp2prod/EMC/LiM_2plus/EMC_LiM_2plus_opt.xyz,false,production_optimised,false,false,1,blocked_on_production_leg,C02|LiM_2plus,the production Opt/Freq leg is not registered yet; both single points are queued only after it lands
C02|LiM_2plus|S4,C02,EMC,LiM_2plus,S4,PBE0-D4,def2-TZVPD,work/wp2prod/EMC/LiM_2plus/EMC_LiM_2plus_opt.xyz,false,production_optimised,false,false,1,blocked_on_production_leg,C02|LiM_2plus,the production Opt/Freq leg is not registered yet; both single points are queued only after it lands
C13|M|S3,C13,GBL,M,S3,PBE0-D4,def2-TZVP,work/wp2prod/GBL/M/GBL_M_opt.xyz,true,production_optimised,false,false,1,ready,,registered production Opt geometry; the raw ORCA output stays outside the repository and outside the delivery mirror
C13|M|S4,C13,GBL,M,S4,PBE0-D4,def2-TZVPD,work/wp2prod/GBL/M/GBL_M_opt.xyz,true,production_optimised,false,false,1,ready,,registered production Opt geometry; the raw ORCA output stays outside the repository and outside the delivery mirror
C13|M_plus|S3,C13,GBL,M_plus,S3,PBE0-D4,def2-TZVP,work/wp2prod/GBL/M_plus/GBL_M_plus_opt.xyz,true,production_optimised,false,false,1,ready,,registered production Opt geometry; the raw ORCA output stays outside the repository and outside the delivery mirror
C13|M_plus|S4,C13,GBL,M_plus,S4,PBE0-D4,def2-TZVPD,work/wp2prod/GBL/M_plus/GBL_M_plus_opt.xyz,true,production_optimised,false,false,1,ready,,registered production Opt geometry; the raw ORCA output stays outside the repository and outside the delivery mirror
C13|LiM_plus|S3,C13,GBL,LiM_plus,S3,PBE0-D4,def2-TZVP,work/wp2prod/GBL/LiM_plus/GBL_LiM_plus_opt.xyz,false,production_optimised,false,false,1,blocked_on_production_leg,C13|LiM_plus,the production Opt/Freq leg is not registered yet; both single points are queued only after it lands
C13|LiM_plus|S4,C13,GBL,LiM_plus,S4,PBE0-D4,def2-TZVPD,work/wp2prod/GBL/LiM_plus/GBL_LiM_plus_opt.xyz,false,production_optimised,false,false,1,blocked_on_production_leg,C13|LiM_plus,the production Opt/Freq leg is not registered yet; both single points are queued only after it lands
C13|LiM_2plus|S3,C13,GBL,LiM_2plus,S3,PBE0-D4,def2-TZVP,work/wp2prod/GBL/LiM_2plus/GBL_LiM_2plus_opt.xyz,false,production_optimised,false,false,1,blocked_on_production_leg,C13|LiM_2plus,the production Opt/Freq leg is not registered yet; both single points are queued only after it lands
C13|LiM_2plus|S4,C13,GBL,LiM_2plus,S4,PBE0-D4,def2-TZVPD,work/wp2prod/GBL/LiM_2plus/GBL_LiM_2plus_opt.xyz,false,production_optimised,false,false,1,blocked_on_production_leg,C13|LiM_2plus,the production Opt/Freq leg is not registered yet; both single points are queued only after it lands
C14|M|S3,C14,SL,M,S3,PBE0-D4,def2-TZVP,work/wp2prod/SL/M/SL_M_opt.xyz,true,production_optimised,false,false,1,ready,,registered production Opt geometry; the raw ORCA output stays outside the repository and outside the delivery mirror
C14|M|S4,C14,SL,M,S4,PBE0-D4,def2-TZVPD,work/wp2prod/SL/M/SL_M_opt.xyz,true,production_optimised,false,false,1,ready,,registered production Opt geometry; the raw ORCA output stays outside the repository and outside the delivery mirror
C14|M_plus|S3,C14,SL,M_plus,S3,PBE0-D4,def2-TZVP,work/wp2prod/SL/M_plus/SL_M_plus_opt.xyz,true,production_optimised,false,false,1,ready,,registered production Opt geometry; the raw ORCA output stays outside the repository and outside the delivery mirror
C14|M_plus|S4,C14,SL,M_plus,S4,PBE0-D4,def2-TZVPD,work/wp2prod/SL/M_plus/SL_M_plus_opt.xyz,true,production_optimised,false,false,1,ready,,registered production Opt geometry; the raw ORCA output stays outside the repository and outside the delivery mirror
C14|LiM_plus|S3,C14,SL,LiM_plus,S3,PBE0-D4,def2-TZVP,work/wp2prod/SL/LiM_plus/SL_LiM_plus_opt.xyz,false,production_optimised,false,false,1,blocked_on_production_leg,C14|LiM_plus,the production Opt/Freq leg is not registered yet; both single points are queued only after it lands
C14|LiM_plus|S4,C14,SL,LiM_plus,S4,PBE0-D4,def2-TZVPD,work/wp2prod/SL/LiM_plus/SL_LiM_plus_opt.xyz,false,production_optimised,false,false,1,blocked_on_production_leg,C14|LiM_plus,the production Opt/Freq leg is not registered yet; both single points are queued only after it lands
C14|LiM_2plus|S3,C14,SL,LiM_2plus,S3,PBE0-D4,def2-TZVP,work/wp2prod/SL/LiM_2plus/SL_LiM_2plus_opt.xyz,false,production_optimised,false,false,1,blocked_on_production_leg,C14|LiM_2plus,the production Opt/Freq leg is not registered yet; both single points are queued only after it lands
C14|LiM_2plus|S4,C14,SL,LiM_2plus,S4,PBE0-D4,def2-TZVPD,work/wp2prod/SL/LiM_2plus/SL_LiM_2plus_opt.xyz,false,production_optimised,false,false,1,blocked_on_production_leg,C14|LiM_2plus,the production Opt/Freq leg is not registered yet; both single points are queued only after it lands
