record_id,mol_id,name,state,setting_id,functional,basis,orca_keyword,charge,multiplicity,geometry_source,geometry_sha256,energy_eh,energy_ev,wall_sec,cores,core_hours,scf_converged,terminated,status,note
C02|M_plus|S3,C02,EMC,M_plus,S3,PBE0-D4,def2-TZVP,PBE0 D4 def2-TZVP,1,2,work/wp2prod/EMC/M_plus/EMC_M_plus_opt.xyz,001bc812cb1847aa5395863933dcf691d921713f7c6f4f7a7ddbfbf043f5d79b,-382.378415090565,-10405.046745158,80.5,2,0.044741,true,true,computed,geometry hash matches the registered production Opt geometry
C02|M_plus|S4,C02,EMC,M_plus,S4,PBE0-D4,def2-TZVPD,PBE0 D4 def2-TZVPD,1,2,work/wp2prod/EMC/M_plus/EMC_M_plus_opt.xyz,001bc812cb1847aa5395863933dcf691d921713f7c6f4f7a7ddbfbf043f5d79b,-382.379510313699,-10405.076547698,139.3,2,0.077396,true,true,computed,geometry hash matches the registered production Opt geometry
C02|M|S3,C02,EMC,M,S3,PBE0-D4,def2-TZVP,PBE0 D4 def2-TZVP,0,1,work/wp2prod/EMC/M/EMC_M_opt.xyz,5c3476c22a5d648e2c085cc9544a84166a8a9fd714353f79a4d11ce886928485,-382.671398534082,-10413.019230803,64.9,2,0.036040,true,true,computed,geometry hash matches the registered production Opt geometry
C02|M|S4,C02,EMC,M,S4,PBE0-D4,def2-TZVPD,PBE0 D4 def2-TZVPD,0,1,work/wp2prod/EMC/M/EMC_M_opt.xyz,5c3476c22a5d648e2c085cc9544a84166a8a9fd714353f79a4d11ce886928485,-382.673249775260,-10413.069605642,109.6,2,0.060915,true,true,computed,geometry hash matches the registered production Opt geometry
C13|LiM_plus|S3,C13,GBL,LiM_plus,S3,PBE0-D4,def2-TZVP,PBE0 D4 def2-TZVP,1,1,work/wp2prod/GBL/LiM_plus/GBL_LiM_plus_opt.xyz,853fc0ceb57a6746711ea0b710badf7bd9859c99be231102b80b0f84d579c637,-313.724980133421,-8536.891609425,70.1,2,0.038946,true,true,computed,geometry hash matches the registered production Opt geometry
C13|LiM_plus|S4,C13,GBL,LiM_plus,S4,PBE0-D4,def2-TZVPD,PBE0 D4 def2-TZVPD,1,1,work/wp2prod/GBL/LiM_plus/GBL_LiM_plus_opt.xyz,853fc0ceb57a6746711ea0b710badf7bd9859c99be231102b80b0f84d579c637,-313.726196987562,-8536.924721713,108.1,2,0.060076,true,true,computed,geometry hash matches the registered production Opt geometry
C13|M_plus|S3,C13,GBL,M_plus,S3,PBE0-D4,def2-TZVP,PBE0 D4 def2-TZVP,1,2,work/wp2prod/GBL/M_plus/GBL_M_plus_opt.xyz,30d7556e33bc0c42a4ea74d472d31885db969aac0e7ec7970b45b1140d09ce18,-306.018833305861,-8327.196671632,58.5,2,0.032485,true,true,computed,geometry hash matches the registered production Opt geometry
C13|M_plus|S4,C13,GBL,M_plus,S4,PBE0-D4,def2-TZVPD,PBE0 D4 def2-TZVPD,1,2,work/wp2prod/GBL/M_plus/GBL_M_plus_opt.xyz,30d7556e33bc0c42a4ea74d472d31885db969aac0e7ec7970b45b1140d09ce18,-306.019536500794,-8327.215806541,96.0,2,0.053349,true,true,computed,geometry hash matches the registered production Opt geometry
C13|M|S3,C13,GBL,M,S3,PBE0-D4,def2-TZVP,PBE0 D4 def2-TZVP,0,1,work/wp2prod/GBL/M/GBL_M_opt.xyz,7a77af8074be3c4bb6128637698996a77f06b3ccf3d31b54a13f8fdfaf9f78fc,-306.294106500716,-8334.687236861,49.8,2,0.027642,true,true,computed,geometry hash matches the registered production Opt geometry
C13|M|S4,C13,GBL,M,S4,PBE0-D4,def2-TZVPD,PBE0 D4 def2-TZVPD,0,1,work/wp2prod/GBL/M/GBL_M_opt.xyz,7a77af8074be3c4bb6128637698996a77f06b3ccf3d31b54a13f8fdfaf9f78fc,-306.295834425227,-8334.734256082,89.8,2,0.049891,true,true,computed,geometry hash matches the registered production Opt geometry
C14|LiM_plus|S3,C14,SL,LiM_plus,S3,PBE0-D4,def2-TZVP,PBE0 D4 def2-TZVP,1,1,work/wp2prod/SL/LiM_plus/SL_LiM_plus_opt.xyz,2e5755a9e85c9fcdfce6d81b80159f5c50a22f8c13f25d811e3019482c4f73d8,-712.983351530182,-19401.265365447,98.1,2,0.054481,true,true,computed,geometry hash matches the registered production Opt geometry
C14|LiM_plus|S4,C14,SL,LiM_plus,S4,PBE0-D4,def2-TZVPD,PBE0 D4 def2-TZVPD,1,1,work/wp2prod/SL/LiM_plus/SL_LiM_plus_opt.xyz,2e5755a9e85c9fcdfce6d81b80159f5c50a22f8c13f25d811e3019482c4f73d8,-712.985452673406,-19401.322540467,170.9,2,0.094946,true,true,computed,geometry hash matches the registered production Opt geometry
C14|M_plus|S3,C14,SL,M_plus,S3,PBE0-D4,def2-TZVP,PBE0 D4 def2-TZVP,1,2,work/wp2prod/SL/M_plus/SL_M_plus_opt.xyz,efff993dff219f7cf1b65096f4d492baeb92351e25b94d3a6dbf61442dfedd9f,-705.276306275159,-19191.545980197,107.0,2,0.059464,true,true,computed,geometry hash matches the registered production Opt geometry
C14|M_plus|S4,C14,SL,M_plus,S4,PBE0-D4,def2-TZVPD,PBE0 D4 def2-TZVPD,1,2,work/wp2prod/SL/M_plus/SL_M_plus_opt.xyz,efff993dff219f7cf1b65096f4d492baeb92351e25b94d3a6dbf61442dfedd9f,-705.277831868640,-19191.587493711,184.8,2,0.102672,true,true,computed,geometry hash matches the registered production Opt geometry
C14|M|S3,C14,SL,M,S3,PBE0-D4,def2-TZVP,PBE0 D4 def2-TZVP,0,1,work/wp2prod/SL/M/SL_M_opt.xyz,8cd57e3b91eea94dad831f3088a70c05e63a44ea7de8b281822e48f0ef85fc3f,-705.554958105330,-19199.128482776,97.2,2,0.053996,true,true,computed,geometry hash matches the registered production Opt geometry
C14|M|S4,C14,SL,M,S4,PBE0-D4,def2-TZVPD,PBE0 D4 def2-TZVPD,0,1,work/wp2prod/SL/M/SL_M_opt.xyz,8cd57e3b91eea94dad831f3088a70c05e63a44ea7de8b281822e48f0ef85fc3f,-705.557746607311,-19199.204361780,168.6,2,0.093654,true,true,computed,geometry hash matches the registered production Opt geometry
