task,axis,baseline,n_T,d_tau_b_median,d_tau_b_lo,d_tau_b_hi,d_o20_median,d_o20_lo,d_o20_hi,d_o30_median,d_o30_lo,d_o30_hi,d_r20_median,d_r20_lo,d_r20_hi,max_ratio_vs_storage_step,within_tolerance
C,oxidation,diversity,4,0.0,9.249999999294545e-08,2.7499999999403e-07,0.0,0.0,0.0,0.0,0.0,0.0,0.0,0.0,5.4999999998806e-06,0.9249999999294545,True
C,oxidation,diversity,5,0.0,6.250000000318501e-07,9.999999994736442e-08,0.0,0.0,0.0,0.0,1.7499999999115445e-07,0.0,0.0,0.0,1.2499999997306332e-06,0.6250000000318501,True
C,oxidation,diversity,6,0.0,3.749999999969056e-07,3.499999998712866e-07,0.0,0.0,0.0,0.0,0.0,0.0,0.0,0.0,2.9999999999752447e-06,0.3749999999969056,True
C,oxidation,diversity,7,0.0,0.0,2.750000001050523e-07,0.0,0.0,0.0,0.0,0.0,0.0,0.0,0.0,0.0,0.2750000001050523,True
C,oxidation,diversity,8,0.0,0.0,0.0,0.0,0.0,0.0,0.0,0.0,0.0,0.0,0.0,0.0,0.0,True
C,oxidation,diversity,9,0.0,0.0,0.0,0.0,0.0,0.0,0.0,0.0,0.0,0.0,0.0,0.0,0.0,True
C,oxidation,diversity,10,0.0,0.0,0.0,0.0,0.0,0.0,0.0,0.0,0.0,0.0,0.0,0.0,0.0,True
C,oxidation,random,4,0.0,9.249999999294545e-08,2.7499999999403e-07,0.0,0.0,0.0,0.0,0.0,0.0,0.0,0.0,5.4999999998806e-06,0.9249999999294545,True
C,oxidation,random,5,0.0,3.749999999969056e-07,7.250000000347256e-07,0.0,0.0,0.0,0.0,0.0,0.0,0.0,0.0,4.000000000337067e-06,0.7250000000347256,True
C,oxidation,random,6,0.0,7.250000000347256e-07,3.499999998712866e-07,0.0,0.0,0.0,0.0,0.0,0.0,0.0,0.0,0.0,0.7250000000347256,True
C,oxidation,random,7,4.999999999588667e-07,7.250000000347256e-07,6.249999998653166e-07,0.0,2.7755575615628914e-17,0.0,0.0,0.0,0.0,0.0,0.0,4.750000000441901e-06,0.7250000000347256,True
C,oxidation,random,8,0.0,0.0,0.0,0.0,2.7755575615628914e-17,0.0,0.0,0.0,0.0,0.0,0.0,2.950000000945252e-06,0.2950000000945252,True
C,oxidation,random,9,5.00000000069889e-07,0.0,0.0,0.0,0.0,0.0,0.0,0.0,0.0,0.0,0.0,0.0,0.500000000069889,True
C,oxidation,random,10,0.0,0.0,0.0,0.0,0.0,0.0,0.0,0.0,0.0,0.0,0.0,0.0,0.0,True
C,oxidation,ranking_aware,4,0.0,9.249999999294545e-08,2.7499999999403e-07,0.0,0.0,0.0,0.0,0.0,0.0,0.0,0.0,5.4999999998806e-06,0.9249999999294545,True
C,oxidation,ranking_aware,5,5.000000000143778e-07,2.750000000217856e-07,3.7500000005241674e-07,0.0,0.0,0.0,0.0,0.0,0.0,0.0,0.0,2.7499999997182556e-06,0.5000000000143778,True
C,oxidation,ranking_aware,6,0.0,5.4999999998806e-07,2.750000001050523e-07,0.0,0.0,0.0,0.0,0.0,0.0,0.0,0.0,0.0,0.54999999998806,True
C,oxidation,ranking_aware,7,0.0,0.0,7.249999999237033e-07,0.0,0.0,0.0,0.0,0.0,0.0,0.0,0.0,0.0,0.7249999999237033,True
C,oxidation,ranking_aware,8,0.0,0.0,0.0,0.0,0.0,0.0,0.0,0.0,0.0,0.0,0.0,0.0,0.0,True
C,oxidation,ranking_aware,9,0.0,3.7499999994139444e-07,0.0,0.0,0.0,0.0,0.0,0.0,0.0,0.0,0.0,0.0,0.37499999994139444,True
C,oxidation,ranking_aware,10,0.0,0.0,0.0,0.0,0.0,0.0,0.0,0.0,0.0,0.0,0.0,0.0,0.0,True
C,oxidation,uncertainty,4,0.0,9.249999999294545e-08,2.7499999999403e-07,0.0,0.0,0.0,0.0,0.0,0.0,0.0,0.0,5.4999999998806e-06,0.9249999999294545,True
C,oxidation,uncertainty,5,5.000000000143778e-07,3.749999999969056e-07,1.750000000466656e-07,0.0,0.0,0.0,0.0,1.7499999999115445e-07,0.0,0.0,0.0,1.2499999997306332e-06,0.5000000000143778,True
C,oxidation,uncertainty,6,0.0,1.0000000000287557e-07,2.749999996609631e-07,0.0,0.0,0.0,0.0,0.0,0.0,0.0,0.0,0.0,0.2749999996609631,True
C,oxidation,uncertainty,7,0.0,1.0000000000287557e-07,6.249999998653166e-07,0.0,0.0,0.0,0.0,0.0,0.0,0.0,0.0,2.9999999999752447e-06,0.6249999998653166,True
C,oxidation,uncertainty,8,0.0,0.0,0.0,0.0,0.0,0.0,0.0,0.0,0.0,4.999999999866223e-07,0.0,7.499999932214507e-08,0.49999999998662226,True
C,oxidation,uncertainty,9,0.0,0.0,0.0,0.0,0.0,0.0,0.0,0.0,0.0,0.0,0.0,0.0,0.0,True
C,oxidation,uncertainty,10,0.0,0.0,0.0,0.0,0.0,0.0,0.0,0.0,0.0,0.0,0.0,0.0,0.0,True
C,reduction,diversity,4,0.0,7.000000001172735e-08,3.0000000006413785e-07,0.0,0.0,0.0,0.0,0.0,0.0,0.0,0.0,5.00000000069889e-07,0.7000000001172735,True
C,reduction,diversity,5,0.0,1.7500000001891003e-07,0.0,0.0,0.0,0.0,0.0,0.0,0.0,0.0,0.0,0.0,0.17500000001891003,True
C,reduction,diversity,6,0.0,0.0,0.0,0.0,0.0,0.0,0.0,1.7499999999115445e-07,0.0,0.0,0.0,3.750000002189502e-07,0.3750000002189502,True
C,reduction,diversity,7,0.0,0.0,0.0,0.0,0.0,0.0,0.0,0.0,0.0,0.0,0.0,0.0,0.0,True
C,reduction,diversity,8,4.999999999588667e-07,0.0,0.0,0.0,0.0,0.0,0.0,0.0,0.0,5.000000000143778e-08,0.0,0.0,0.5000000000143778,True
C,reduction,diversity,9,0.0,0.0,0.0,0.0,0.0,0.0,0.0,0.0,0.0,0.0,0.0,0.0,0.0,True
C,reduction,diversity,10,0.0,0.0,0.0,0.0,0.0,0.0,0.0,0.0,0.0,0.0,0.0,0.0,0.0,True
C,reduction,random,4,0.0,7.000000001172735e-08,3.0000000006413785e-07,0.0,0.0,0.0,0.0,0.0,0.0,0.0,0.0,5.00000000069889e-07,0.7000000001172735,True
C,reduction,random,5,0.0,0.0,3.499999999823089e-07,0.0,0.0,0.0,0.0,0.0,0.0,5.000000000143778e-08,0.0,2.500000001459668e-08,0.5000000000143778,True
C,reduction,random,6,0.0,9.999999997511999e-08,1.750000002687102e-07,0.0,0.0,0.0,0.0,0.0,0.0,0.0,0.0,0.0,0.1750000002687102,True
C,reduction,random,7,1.1102230246251565e-16,1.0000000000287557e-07,4.499999997076287e-07,0.0,2.7755575615628914e-17,0.0,0.0,0.0,0.0,0.0,0.0,6.500000001019579e-07,0.6500000001019579,True
C,reduction,random,8,0.0,2.7499999999403e-07,0.0,0.0,2.7755575615628914e-17,0.0,0.0,0.0,0.0,0.0,0.0,6.500000001019579e-07,0.6500000001019579,True
C,reduction,random,9,0.0,0.0,0.0,0.0,0.0,0.0,0.0,0.0,0.0,0.0,0.0,1.2499999896276037e-08,0.12499999896276037,True
C,reduction,random,10,0.0,0.0,0.0,0.0,0.0,0.0,0.0,0.0,0.0,0.0,0.0,0.0,0.0,True
C,reduction,ranking_aware,4,0.0,7.000000001172735e-08,3.0000000006413785e-07,0.0,0.0,0.0,0.0,0.0,0.0,0.0,0.0,5.00000000069889e-07,0.7000000001172735,True
C,reduction,ranking_aware,5,5.000000000143778e-07,7.250000000069701e-07,4.499999999296733e-07,0.0,0.0,0.0,0.0,0.0,0.0,0.0,0.0,4.7499999994427e-07,0.7250000000069701,True
C,reduction,ranking_aware,6,0.0,0.0,3.250000000232234e-07,0.0,0.0,0.0,0.0,0.0,0.0,0.0,0.0,2.500000001459668e-08,0.3250000000232234,True
C,reduction,ranking_aware,7,0.0,1.0000000000287557e-07,9.999999994736442e-08,0.0,0.0,0.0,0.0,1.7499999999115445e-07,0.0,5.000000000143778e-08,0.0,4.0000000023354687e-07,0.5000000000143778,True
C,reduction,ranking_aware,8,0.0,4.499999999296733e-07,0.0,0.0,0.0,0.0,0.0,0.0,0.0,0.0,0.0,0.0,0.4499999999296733,True
C,reduction,ranking_aware,9,5.00000000069889e-07,0.0,0.0,0.0,0.0,0.0,0.0,0.0,0.0,0.0,0.0,0.0,0.500000000069889,True
C,reduction,ranking_aware,10,0.0,0.0,0.0,0.0,0.0,0.0,0.0,0.0,0.0,0.0,0.0,0.0,0.0,True
C,reduction,uncertainty,4,0.0,7.000000001172735e-08,3.0000000006413785e-07,0.0,0.0,0.0,0.0,0.0,0.0,0.0,0.0,5.00000000069889e-07,0.7000000001172735,True
C,reduction,uncertainty,5,0.0,1.7500000001891003e-07,0.0,0.0,0.0,0.0,0.0,0.0,0.0,0.0,0.0,0.0,0.17500000001891003,True
C,reduction,uncertainty,6,5.551115123125783e-17,0.0,7.249999999237033e-07,0.0,0.0,0.0,0.0,0.0,0.0,0.0,0.0,2.500000001459668e-08,0.7249999999237033,True
C,reduction,uncertainty,7,0.0,0.0,2.750000001050523e-07,0.0,0.0,0.0,0.0,0.0,0.0,0.0,0.0,0.0,0.2750000001050523,True
C,reduction,uncertainty,8,0.0,0.0,6.249999998653166e-07,0.0,0.0,0.0,0.0,0.0,0.0,0.0,0.0,0.0,0.6249999998653166,True
C,reduction,uncertainty,9,0.0,3.499999999823089e-07,0.0,0.0,0.0,0.0,0.0,0.0,0.0,0.0,0.0,1.2499999896276037e-08,0.3499999999823089,True
C,reduction,uncertainty,10,0.0,0.0,0.0,0.0,0.0,0.0,0.0,0.0,0.0,0.0,0.0,0.0,0.0,True
E,oxidation,diversity,4,0.0,5.7499999997490114e-08,2.0000000006126228e-07,0.0,1.3877787807814457e-17,0.0,0.0,0.0,3.3306690738754696e-16,5.00000000069889e-07,1.5000000003206893e-07,4.09999999972932e-06,0.5749999999749011,True
E,oxidation,diversity,5,0.0,1.2500000001747225e-07,1.9999999989472883e-07,0.0,1.3877787807814457e-17,0.0,0.0,1.3877787807814457e-17,0.0,0.0,2.4999999959085528e-08,4.499999999962867e-06,0.44999999999628665,True
E,oxidation,diversity,6,0.0,0.0,1.2500000012849455e-07,0.0,1.3877787807814457e-17,0.0,0.0,0.0,3.3306690738754696e-16,0.0,3.7500000005241674e-07,1.5000000030962468e-07,0.37500000005241674,True
E,oxidation,diversity,7,0.0,2.0000000000575113e-07,4.250000000816101e-07,0.0,0.0,3.3306690738754696e-16,0.0,5.551115123125783e-17,0.0,1.1102230246251565e-16,2.7499999999403e-07,2.2499999996483666e-07,0.4250000000816101,True
E,oxidation,diversity,8,0.0,5.999999999617422e-07,7.999999999119822e-07,0.0,0.0,0.0,0.0,0.0,0.0,0.0,2.999999999808711e-07,2.2499999996483666e-07,0.7999999999119822,True
E,oxidation,diversity,9,0.0,1.2500000001747225e-07,2.0000000000575113e-07,0.0,0.0,0.0,0.0,0.0,3.3306690738754696e-16,0.0,0.0,2.499999999239222e-07,0.2499999999239222,True
E,oxidation,diversity,10,0.0,2.0000000011677344e-07,0.0,0.0,0.0,0.0,0.0,0.0,0.0,2.7755575615628914e-17,0.0,0.0,0.20000000011677344,True
E,oxidation,diversity,11,0.0,6.000000000172534e-07,0.0,0.0,0.0,0.0,0.0,0.0,0.0,0.0,0.0,0.0,0.6000000000172534,True
E,oxidation,diversity,12,0.0,2.749999998830077e-07,0.0,0.0,0.0,0.0,0.0,0.0,0.0,0.0,0.0,7.50000005433904e-08,0.2749999998830077,True
E,oxidation,diversity,13,0.0,0.0,0.0,0.0,0.0,0.0,0.0,0.0,0.0,0.0,0.0,4.499999999574289e-07,0.4499999999574289,True
E,oxidation,diversity,14,0.0,0.0,2.0000000000575113e-07,0.0,0.0,0.0,0.0,1.1102230246251565e-16,0.0,0.0,0.0,0.0,0.20000000000575113,True
E,oxidation,diversity,15,0.0,4.0000000001150227e-07,0.0,0.0,0.0,0.0,0.0,0.0,0.0,0.0,0.0,0.0,0.40000000001150227,True
E,oxidation,diversity,16,0.0,5.999999999062311e-07,0.0,0.0,0.0,0.0,0.0,0.0,0.0,0.0,0.0,0.0,0.5999999999062311,True
E,oxidation,diversity,17,0.0,0.0,2.0000000000575113e-07,0.0,0.0,0.0,0.0,0.0,0.0,0.0,0.0,0.0,0.20000000000575113,True
E,oxidation,diversity,18,0.0,0.0,0.0,0.0,0.0,0.0,0.0,0.0,0.0,0.0,0.0,0.0,0.0,True
E,oxidation,random,4,0.0,5.7499999997490114e-08,2.0000000006126228e-07,0.0,1.3877787807814457e-17,0.0,0.0,0.0,3.3306690738754696e-16,5.00000000069889e-07,1.5000000003206893e-07,4.09999999972932e-06,0.5749999999749011,True
E,oxidation,random,5,0.0,9.500000000550735e-08,2.5000000009045564e-07,0.0,0.0,3.3306690738754696e-16,0.0,0.0,0.0,0.0,3.499999999823089e-07,7.499999998827889e-08,0.9500000000550735,True
E,oxidation,random,6,5.551115123125783e-17,1.7500000001891003e-07,3.999999999559911e-07,0.0,1.3877787807814457e-17,0.0,0.0,0.0,0.0,4.999999999588667e-07,3.499999999823089e-07,4.0000000023354687e-07,0.4999999999588667,True
E,oxidation,random,7,0.0,1.925000000166377e-07,1.2500000012849455e-07,0.0,1.3877787807814457e-17,0.0,0.0,0.0,0.0,4.999999999588667e-07,0.0,9.999999894816369e-08,1.925000000166377,True
E,oxidation,random,8,5.551115123125783e-17,4.6499999997728914e-07,5.999999999062311e-07,0.0,0.0,0.0,0.0,0.0,2.220446049250313e-16,4.999999999588667e-07,4.5000000001294005e-07,2.0000000033881804e-07,0.5999999999062311,True
E,oxidation,random,9,0.0,1.5000000000431335e-07,0.0,0.0,0.0,0.0,0.0,0.0,0.0,4.999999999588667e-07,3.000000000086267e-07,1.7500000002446114e-06,0.4999999999588667,True
E,oxidation,random,10,0.0,2.2499999996483666e-07,6.000000000172534e-07,0.0,0.0,0.0,0.0,0.0,0.0,0.0,2.2999999998996046e-07,1.2999999996488043e-06,1.2999999996488043,True
E,oxidation,random,11,0.0,6.000000000172534e-07,4.0000000001150227e-07,0.0,0.0,0.0,0.0,0.0,3.3306690738754696e-16,0.0,0.0,5.0000000251237964e-08,0.6000000000172534,True
E,oxidation,random,12,0.0,7.499999998827889e-08,0.0,0.0,0.0,0.0,0.0,0.0,3.3306690738754696e-16,5.000000000143778e-07,0.0,6.499999996023575e-07,0.6499999996023575,True
E,oxidation,random,13,0.0,2.7499999999403e-07,7.499999998827889e-08,0.0,0.0,0.0,0.0,0.0,3.3306690738754696e-16,5.000000000143778e-07,0.0,0.0,0.5000000000143778,True
E,oxidation,random,14,0.0,6.249999999763389e-07,2.0000000000575113e-07,0.0,0.0,0.0,0.0,0.0,0.0,4.999999999866223e-07,0.0,2.4999999997943334e-07,0.6249999999763389,True
E,oxidation,random,15,0.0,0.0,2.0000000000575113e-07,0.0,0.0,0.0,0.0,0.0,0.0,0.0,0.0,6.750000001720657e-07,0.6750000001720657,True
E,oxidation,random,16,0.0,0.0,0.0,0.0,0.0,0.0,0.0,1.1102230246251565e-16,0.0,0.0,0.0,2.5000000009045564e-07,0.25000000009045564,True
E,oxidation,random,17,0.0,0.0,0.0,0.0,0.0,0.0,0.0,0.0,0.0,0.0,0.0,3.7000000036035985e-07,0.37000000036035985,True
E,oxidation,random,18,0.0,0.0,0.0,0.0,0.0,0.0,0.0,0.0,0.0,0.0,0.0,0.0,0.0,True
E,oxidation,ranking_aware,4,0.0,5.7499999997490114e-08,2.0000000006126228e-07,0.0,1.3877787807814457e-17,0.0,0.0,0.0,3.3306690738754696e-16,5.00000000069889e-07,1.5000000003206893e-07,4.09999999972932e-06,0.5749999999749011,True
E,oxidation,ranking_aware,5,4.999999999588667e-07,7.074999999884257e-07,7.499999987725658e-08,0.0,1.3877787807814457e-17,0.0,0.0,0.0,0.0,0.0,0.0,6.7749999996813415e-06,0.7074999999884257,True
E,oxidation,ranking_aware,6,5.000000000143778e-07,2.6250000010469288e-08,1.750000000466656e-07,0.0,1.3877787807814457e-17,0.0,0.0,1.3877787807814457e-17,2.220446049250313e-16,4.999999999588667e-07,1.0000000000287557e-07,1.4999999997655777e-06,0.5000000000143778,True
E,oxidation,ranking_aware,7,5.000000000143778e-07,3.250000000093456e-07,1.750000000466656e-07,0.0,0.0,0.0,0.0,0.0,0.0,0.0,0.0,1.5000000008758008e-07,0.5000000000143778,True
E,oxidation,ranking_aware,8,0.0,1.500000000598245e-08,3.7499999994139444e-07,0.0,0.0,3.3306690738754696e-16,0.0,0.0,6.661338147750939e-16,5.00000000069889e-07,2.7499999999403e-07,7.250000000347256e-07,0.7250000000347256,True
E,oxidation,ranking_aware,9,0.0,1.2500000001747225e-07,1.2500000012849455e-07,0.0,0.0,0.0,0.0,0.0,0.0,5.000000000143778e-07,0.0,4.499999999296733e-07,0.5000000000143778,True
E,oxidation,ranking_aware,10,0.0,6.999999999646178e-07,4.0000000001150227e-07,0.0,0.0,0.0,0.0,0.0,3.3306690738754696e-16,0.0,0.0,2.5000000292152436e-08,0.6999999999646178,True
E,oxidation,ranking_aware,11,0.0,2.7499999993851887e-07,7.499999987725658e-08,0.0,0.0,0.0,0.0,0.0,0.0,4.999999999866223e-07,0.0,2.7499999999403e-07,0.49999999998662226,True
E,oxidation,ranking_aware,12,0.0,5.250000000289745e-07,2.0000000000575113e-07,0.0,0.0,0.0,0.0,0.0,0.0,0.0,0.0,0.0,0.5250000000289745,True
E,oxidation,ranking_aware,13,0.0,6.000000000172534e-07,2.749999998830077e-07,0.0,0.0,0.0,0.0,0.0,0.0,0.0,0.0,0.0,0.6000000000172534,True
E,oxidation,ranking_aware,14,0.0,1.2500000001747225e-07,6.000000000172534e-07,0.0,0.0,0.0,0.0,1.1102230246251565e-16,0.0,0.0,0.0,4.499999999574289e-07,0.6000000000172534,True
E,oxidation,ranking_aware,15,0.0,1.2500000001747225e-07,0.0,0.0,0.0,0.0,0.0,0.0,0.0,0.0,0.0,1.250000003089058e-07,0.1250000003089058,True
E,oxidation,ranking_aware,16,0.0,0.0,2.0000000000575113e-07,0.0,0.0,0.0,0.0,0.0,0.0,0.0,0.0,4.499999997284454e-08,0.4499999997284454,True
E,oxidation,ranking_aware,17,0.0,2.0000000011677344e-07,2.0000000000575113e-07,0.0,0.0,0.0,0.0,0.0,0.0,0.0,0.0,0.0,0.20000000011677344,True
E,oxidation,ranking_aware,18,0.0,0.0,0.0,0.0,0.0,0.0,0.0,0.0,0.0,0.0,0.0,0.0,0.0,True
E,oxidation,uncertainty,4,0.0,5.7499999997490114e-08,2.0000000006126228e-07,0.0,1.3877787807814457e-17,0.0,0.0,0.0,3.3306690738754696e-16,5.00000000069889e-07,1.5000000003206893e-07,4.09999999972932e-06,0.5749999999749011,True
E,oxidation,uncertainty,5,0.0,3.249999999954678e-07,2.0000000000575113e-07,0.0,1.3877787807814457e-17,0.0,0.0,1.3877787807814457e-17,0.0,4.999999999588667e-07,5.750000000026567e-07,4.499999999962867e-06,0.5750000000026567,True
E,oxidation,uncertainty,6,0.0,9.999999997511999e-08,0.0,0.0,1.3877787807814457e-17,0.0,0.0,0.0,2.220446049250313e-16,0.0,4.0000000001150227e-07,5.999999999950489e-06,0.5999999999950489,True
E,oxidation,uncertainty,7,0.0,2.500000000071889e-07,4.0000000001150227e-07,0.0,0.0,0.0,0.0,0.0,2.220446049250313e-16,0.0,9.999999997511999e-08,5.4999999998806e-07,0.54999999998806,True
E,oxidation,uncertainty,8,0.0,5.999999999617422e-07,2.749999998830077e-07,0.0,0.0,3.3306690738754696e-16,0.0,0.0,0.0,0.0,1.5000000000431335e-07,2.2499999996483666e-07,1.5000000000431335,True
E,oxidation,uncertainty,9,0.0,0.0,5.999999999062311e-07,0.0,0.0,0.0,0.0,0.0,0.0,4.999999999588667e-07,1.2500000001747225e-07,2.499999999239222e-07,0.5999999999062311,True
E,oxidation,uncertainty,10,0.0,7.499999998827889e-08,7.499999976623428e-08,0.0,0.0,3.3306690738754696e-16,0.0,0.0,3.3306690738754696e-16,0.0,8.673617379884035e-19,4.499999999296733e-07,0.4499999999296733,True
E,oxidation,uncertainty,11,0.0,4.0000000001150227e-07,3.9999999990047996e-07,0.0,0.0,0.0,0.0,0.0,0.0,1.0000000000287557e-07,0.0,0.0,0.40000000001150227,True
E,oxidation,uncertainty,12,0.0,0.0,0.0,0.0,0.0,0.0,0.0,0.0,0.0,0.0,0.0,4.2499999991507664e-07,0.42499999991507664,True
E,oxidation,uncertainty,13,0.0,0.0,0.0,0.0,0.0,0.0,0.0,0.0,0.0,0.0,0.0,9.020562075079397e-17,9.020562075079397e-10,True
E,oxidation,uncertainty,14,0.0,1.2499999990644994e-07,5.999999999062311e-07,0.0,0.0,0.0,0.0,0.0,0.0,0.0,0.0,4.499999987916947e-08,0.5999999999062311,True
E,oxidation,uncertainty,15,0.0,2.0000000000575113e-07,0.0,0.0,0.0,0.0,0.0,0.0,0.0,0.0,0.0,4.499999987916947e-08,0.4499999987916947,True
E,oxidation,uncertainty,16,0.0,0.0,0.0,0.0,0.0,0.0,0.0,0.0,0.0,0.0,0.0,0.0,0.0,True
E,oxidation,uncertainty,17,0.0,2.0000000011677344e-07,0.0,0.0,0.0,0.0,0.0,0.0,0.0,0.0,0.0,0.0,0.20000000011677344,True
E,oxidation,uncertainty,18,0.0,0.0,0.0,0.0,0.0,0.0,0.0,0.0,0.0,0.0,0.0,0.0,0.0,True
E,reduction,diversity,4,4.999999999588667e-07,9.999999998899778e-08,1.0000000005838672e-07,0.0,0.0,3.3306690738754696e-16,0.0,1.3877787807814457e-17,0.0,5.000000000143778e-07,1.7500000001197114e-08,3.7500000005241674e-07,0.5000000000143778,True
E,reduction,diversity,5,0.0,6.000000000172534e-07,7.999999999119822e-07,0.0,0.0,0.0,0.0,5.551115123125783e-17,0.0,0.0,0.0,2.250000000203478e-07,0.7999999999119822,True
E,reduction,diversity,6,0.0,0.0,2.7499999999403e-07,0.0,0.0,0.0,0.0,0.0,0.0,0.0,0.0,8.500000000799535e-07,0.8500000000799535,True
E,reduction,diversity,7,0.0,0.0,6.000000000172534e-07,0.0,0.0,3.3306690738754696e-16,0.0,0.0,0.0,5.000000000143778e-08,1.7500000001197114e-08,0.0,0.6000000000172534,True
E,reduction,diversity,8,0.0,0.0,0.0,0.0,0.0,3.3306690738754696e-16,0.0,0.0,0.0,0.0,1.9999999999881224e-08,3.2499999996771223e-07,1.9999999999881224,True
E,reduction,diversity,9,0.0,0.0,2.0000000000575113e-07,0.0,0.0,0.0,0.0,0.0,0.0,0.0,0.0,0.0,0.20000000000575113,True
E,reduction,diversity,10,4.999999999588667e-07,8.000000000230045e-07,2.0000000000575113e-07,0.0,0.0,0.0,0.0,0.0,0.0,0.0,0.0,0.0,0.8000000000230045,True
E,reduction,diversity,11,0.0,0.0,0.0,0.0,0.0,0.0,0.0,0.0,0.0,0.0,0.0,0.0,0.0,True
E,reduction,diversity,12,0.0,5.250000000289745e-07,5.999999999062311e-07,0.0,0.0,0.0,0.0,1.1102230246251565e-16,0.0,0.0,0.0,1.2500000045462256e-08,0.5999999999062311,True
E,reduction,diversity,13,0.0,0.0,0.0,0.0,0.0,0.0,0.0,0.0,0.0,0.0,0.0,0.0,0.0,True
E,reduction,diversity,14,0.0,0.0,8.000000000230045e-07,0.0,0.0,0.0,0.0,0.0,0.0,0.0,0.0,0.0,0.8000000000230045,True
E,reduction,diversity,15,0.0,0.0,0.0,0.0,0.0,0.0,0.0,0.0,0.0,0.0,0.0,0.0,0.0,True
E,reduction,diversity,16,0.0,2.749999998830077e-07,0.0,0.0,0.0,0.0,0.0,0.0,0.0,0.0,0.0,0.0,0.2749999998830077,True
E,reduction,diversity,17,0.0,0.0,0.0,0.0,0.0,0.0,0.0,0.0,0.0,0.0,0.0,0.0,0.0,True
E,reduction,diversity,18,0.0,0.0,0.0,0.0,0.0,0.0,0.0,0.0,0.0,0.0,0.0,0.0,0.0,True
E,reduction,random,4,4.999999999588667e-07,9.999999998899778e-08,1.0000000005838672e-07,0.0,0.0,3.3306690738754696e-16,0.0,1.3877787807814457e-17,0.0,5.000000000143778e-07,1.7500000001197114e-08,3.7500000005241674e-07,0.5000000000143778,True
E,reduction,random,5,5.551115123125783e-17,5.249999999734634e-07,6.000000000172534e-07,0.0,0.0,3.3306690738754696e-16,0.0,0.0,2.220446049250313e-16,4.999999999588667e-07,1.7500000001197114e-08,0.0,0.6000000000172534,True
E,reduction,random,6,0.0,0.0,1.2500000012849455e-07,0.0,0.0,0.0,0.0,0.0,0.0,0.0,0.0,2.750000001050523e-07,0.2750000001050523,True
E,reduction,random,7,4.999999999588667e-07,4.7499999999978115e-07,0.0,0.0,0.0,3.3306690738754696e-16,0.0,1.3877787807814457e-17,0.0,5.551115123125783e-17,2.7500000000270364e-08,4.7499999988875885e-07,2.750000000027036,True
E,reduction,random,8,0.0,3.2499999996771223e-07,7.499999998827889e-08,0.0,0.0,3.3306690738754696e-16,0.0,0.0,3.3306690738754696e-16,5.000000000143778e-07,2.7500000000270364e-08,2.750000001050523e-07,2.750000000027036,True
E,reduction,random,9,0.0,2.0000000000575113e-07,0.0,0.0,1.3877787807814457e-17,0.0,0.0,5.551115123125783e-17,0.0,4.999999999866223e-07,0.0,3.5000000014884236e-07,0.49999999998662226,True
E,reduction,random,10,0.0,7.499999998827889e-08,6.000000000172534e-07,0.0,1.3877787807814457e-17,0.0,0.0,5.551115123125783e-17,3.3306690738754696e-16,0.0,0.0,2.749999997719854e-07,0.6000000000172534,True
E,reduction,random,11,0.0,1.2499999990644994e-07,2.0000000000575113e-07,0.0,0.0,0.0,0.0,0.0,0.0,0.0,0.0,4.4999999998518447e-07,0.4499999999851845,True
E,reduction,random,12,0.0,6.000000000172534e-07,2.0000000000575113e-07,0.0,0.0,0.0,0.0,0.0,0.0,1.5000000000431335e-07,0.0,4.999999997368221e-08,1.5000000000431335,True
E,reduction,random,13,0.0,5.999999999062311e-07,5.999999999062311e-07,0.0,0.0,0.0,0.0,0.0,0.0,0.0,0.0,1.2500000001747225e-07,0.5999999999062311,True
E,reduction,random,14,0.0,5.250000000289745e-07,0.0,0.0,0.0,0.0,0.0,0.0,0.0,0.0,0.0,4.999999997368221e-08,0.5250000000289745,True
E,reduction,random,15,0.0,4.7499999999978115e-07,0.0,0.0,0.0,0.0,0.0,0.0,0.0,0.0,0.0,4.999999997368221e-08,0.47499999999978115,True
E,reduction,random,16,0.0,2.0000000000575113e-07,0.0,0.0,0.0,0.0,0.0,0.0,0.0,0.0,0.0,2.000000000335067e-08,0.2000000000335067,True
E,reduction,random,17,0.0,4.0000000001150227e-07,0.0,0.0,0.0,0.0,0.0,0.0,0.0,0.0,0.0,2.749999994389185e-08,0.40000000001150227,True
E,reduction,random,18,0.0,0.0,0.0,0.0,0.0,0.0,0.0,0.0,0.0,0.0,0.0,0.0,0.0,True
E,reduction,ranking_aware,4,4.999999999588667e-07,9.999999998899778e-08,1.0000000005838672e-07,0.0,0.0,3.3306690738754696e-16,0.0,1.3877787807814457e-17,0.0,5.000000000143778e-07,1.7500000001197114e-08,3.7500000005241674e-07,0.5000000000143778,True
E,reduction,ranking_aware,5,5.000000000143778e-07,1.0500000000024379e-07,5.999999999062311e-07,0.0,0.0,0.0,0.0,0.0,2.220446049250313e-16,5.551115123125783e-17,8.749999999904667e-08,2.750000002160746e-07,0.8749999999904667,True
E,reduction,ranking_aware,6,0.0,7.500000000215667e-07,2.7499999999403e-07,0.0,0.0,3.3306690738754696e-16,0.0,0.0,0.0,0.0,1.7500000001197114e-08,4.49999999818651e-07,0.7500000000215667,True
E,reduction,ranking_aware,7,4.999999999588667e-07,3.5000000003782006e-07,6.000000000172534e-07,0.0,0.0,3.3306690738754696e-16,0.0,0.0,0.0,5.000000000143778e-07,1.7500000001197114e-08,1.2500000012849455e-07,0.6000000000172534,True
E,reduction,ranking_aware,8,5.00000000069889e-07,7.499999998827889e-08,2.0000000000575113e-07,0.0,0.0,0.0,0.0,0.0,0.0,0.0,0.0,5.499999998770377e-07,0.5499999998770377,True
E,reduction,ranking_aware,9,0.0,3.000000000086267e-07,0.0,0.0,0.0,0.0,0.0,5.551115123125783e-17,0.0,0.0,0.0,7.750000000084079e-07,0.7750000000084079,True
E,reduction,ranking_aware,10,0.0,5.551115123125783e-17,1.2500000001747225e-07,0.0,0.0,0.0,0.0,0.0,0.0,0.0,0.0,4.7499999999978115e-07,0.47499999999978115,True
E,reduction,ranking_aware,11,4.999999999588667e-07,7.499999998827889e-08,0.0,0.0,0.0,0.0,0.0,0.0,0.0,0.0,0.0,2.5000000125618982e-08,0.4999999999588667,True
E,reduction,ranking_aware,12,0.0,4.0000000001150227e-07,2.0000000000575113e-07,0.0,5.551115123125783e-17,0.0,0.0,0.0,0.0,0.0,0.0,5.00000000264178e-07,0.500000000264178,True
E,reduction,ranking_aware,13,0.0,7.499999998827889e-08,7.999999999119822e-07,0.0,0.0,0.0,0.0,0.0,0.0,0.0,0.0,2.0749999987690337e-07,2.0749999987690337,True
E,reduction,ranking_aware,14,0.0,2.0000000000575113e-07,2.0000000000575113e-07,0.0,0.0,0.0,0.0,0.0,0.0,0.0,0.0,0.0,0.20000000000575113,True
E,reduction,ranking_aware,15,0.0,4.0000000001150227e-07,2.0000000000575113e-07,0.0,0.0,0.0,0.0,0.0,0.0,0.0,0.0,0.0,0.40000000001150227,True
E,reduction,ranking_aware,16,5.00000000069889e-07,4.0000000001150227e-07,0.0,0.0,0.0,0.0,0.0,0.0,0.0,0.0,0.0,0.0,0.500000000069889,True
E,reduction,ranking_aware,17,0.0,0.0,0.0,0.0,0.0,0.0,0.0,0.0,0.0,0.0,0.0,0.0,0.0,True
E,reduction,ranking_aware,18,0.0,0.0,0.0,0.0,0.0,0.0,0.0,0.0,0.0,0.0,0.0,0.0,0.0,True
E,reduction,uncertainty,4,4.999999999588667e-07,9.999999998899778e-08,1.0000000005838672e-07,0.0,0.0,3.3306690738754696e-16,0.0,1.3877787807814457e-17,0.0,5.000000000143778e-07,1.7500000001197114e-08,3.7500000005241674e-07,0.5000000000143778,True
E,reduction,uncertainty,5,5.000000000143778e-07,6.000000000172534e-07,4.0000000001150227e-07,0.0,1.3877787807814457e-17,0.0,0.0,5.551115123125783e-17,0.0,0.0,0.0,6.000000003503203e-07,0.6000000003503203,True
E,reduction,uncertainty,6,0.0,0.0,0.0,0.0,1.3877787807814457e-17,3.3306690738754696e-16,0.0,5.551115123125783e-17,0.0,0.0,1.7500000001197114e-08,3.74999999774861e-07,0.374999999774861,True
E,reduction,uncertainty,7,5.00000000069889e-07,0.0,4.0000000001150227e-07,0.0,0.0,3.3306690738754696e-16,0.0,0.0,0.0,0.0,1.9999999999881224e-08,1.5000000019860238e-07,1.9999999999881224,True
E,reduction,uncertainty,8,0.0,0.0,2.0000000000575113e-07,0.0,0.0,3.3306690738754696e-16,0.0,0.0,3.3306690738754696e-16,0.0,1.9999999999881224e-08,1.7500000007442118e-07,1.9999999999881224,True
E,reduction,uncertainty,9,0.0,7.499999998827889e-08,2.0000000000575113e-07,0.0,0.0,0.0,0.0,0.0,0.0,0.0,0.0,0.0,0.20000000000575113,True
E,reduction,uncertainty,10,0.0,5.999999999062311e-07,2.0000000000575113e-07,0.0,0.0,0.0,0.0,0.0,0.0,1.9999999999881224e-08,0.0,0.0,1.9999999999881224,True
E,reduction,uncertainty,11,0.0,5.250000000289745e-07,2.0000000000575113e-07,0.0,0.0,0.0,0.0,0.0,0.0,0.0,0.0,0.0,0.5250000000289745,True
E,reduction,uncertainty,12,1.1102230246251565e-16,2.0000000000575113e-07,2.0000000000575113e-07,0.0,0.0,0.0,0.0,0.0,0.0,0.0,0.0,3.000000001803643e-08,3.000000001803643,True
E,reduction,uncertainty,13,0.0,4.0000000001150227e-07,5.999999999062311e-07,0.0,0.0,0.0,0.0,0.0,0.0,0.0,0.0,3.000000001803643e-08,3.000000001803643,True
E,reduction,uncertainty,14,0.0,0.0,2.0000000000575113e-07,0.0,0.0,0.0,0.0,0.0,0.0,0.0,0.0,0.0,0.20000000000575113,True
E,reduction,uncertainty,15,0.0,0.0,0.0,0.0,0.0,0.0,0.0,0.0,0.0,0.0,0.0,0.0,0.0,True
E,reduction,uncertainty,16,0.0,1.2499999990644994e-07,0.0,0.0,0.0,0.0,0.0,0.0,0.0,0.0,0.0,0.0,0.12499999990644994,True
E,reduction,uncertainty,17,0.0,7.499999998827889e-08,0.0,0.0,0.0,0.0,0.0,0.0,0.0,0.0,0.0,0.0,0.07499999998827889,True
E,reduction,uncertainty,18,0.0,0.0,0.0,0.0,0.0,0.0,0.0,0.0,0.0,0.0,0.0,0.0,0.0,True
M,oxidation,diversity,4,0.0,0.0,7.499999987725658e-08,0.0,0.0,3.3306690738754696e-16,0.0,0.0,0.0,0.0,7.250000000347256e-07,7.500000001048335e-07,0.7250000000347256,True
M,oxidation,diversity,5,5.000000000143778e-07,4.3000000005122274e-07,1.2500000001747225e-07,0.0,0.0,0.0,0.0,0.0,0.0,0.0,1.749999999356433e-07,0.0,0.5000000000143778,True
M,oxidation,diversity,6,5.000000000143778e-07,7.499999998827889e-08,4.0000000012252457e-07,0.0,0.0,3.3306690738754696e-16,0.0,0.0,0.0,4.999999999588667e-07,2.500000000349445e-07,1.9999999998354667e-06,0.5000000000143778,True
M,oxidation,diversity,7,0.0,8.000000000230045e-07,0.0,0.0,2.7755575615628914e-17,0.0,0.0,5.551115123125783e-17,2.220446049250313e-16,0.0,1.4999999997655777e-07,1.5500000003498826e-06,0.8000000000230045,True
M,oxidation,diversity,8,0.0,2.0000000000575113e-07,2.0000000000575113e-07,0.0,2.7755575615628914e-17,0.0,0.0,5.551115123125783e-17,0.0,0.0,2.2499999996483666e-07,1.5500000003498826e-06,0.22499999996483666,True
M,oxidation,diversity,9,0.0,8.000000000230045e-07,6.000000000172534e-07,0.0,0.0,0.0,0.0,0.0,0.0,0.0,0.0,2.0000000000575113e-07,0.8000000000230045,True
M,oxidation,diversity,10,0.0,3.499999999823089e-07,7.499999987725658e-08,0.0,0.0,3.3306690738754696e-16,0.0,0.0,0.0,5.000000000143778e-07,2.2499999999259224e-07,4.0000000023354687e-07,2.2499999999259224,True
M,oxidation,diversity,11,0.0,2.0000000000575113e-07,8.000000000230045e-07,0.0,0.0,0.0,0.0,0.0,3.3306690738754696e-16,0.0,0.0,0.0,0.8000000000230045,True
M,oxidation,diversity,12,0.0,6.000000000172534e-07,0.0,0.0,0.0,0.0,0.0,0.0,0.0,0.0,0.0,0.0,0.6000000000172534,True
M,oxidation,diversity,13,0.0,1.2499999990644994e-07,0.0,0.0,0.0,0.0,0.0,0.0,0.0,0.0,0.0,0.0,0.12499999990644994,True
M,oxidation,diversity,14,0.0,0.0,8.000000000230045e-07,0.0,0.0,0.0,0.0,0.0,0.0,0.0,0.0,0.0,0.8000000000230045,True
M,oxidation,diversity,15,0.0,4.0000000001150227e-07,2.0000000000575113e-07,0.0,0.0,0.0,0.0,0.0,0.0,0.0,0.0,0.0,0.40000000001150227,True
M,oxidation,diversity,16,0.0,0.0,0.0,0.0,0.0,0.0,0.0,0.0,0.0,0.0,0.0,0.0,0.0,True
M,oxidation,diversity,17,0.0,0.0,0.0,0.0,0.0,0.0,0.0,0.0,0.0,0.0,0.0,0.0,0.0,True
M,oxidation,diversity,18,0.0,0.0,0.0,0.0,0.0,0.0,0.0,0.0,0.0,0.0,0.0,0.0,0.0,True
M,oxidation,random,4,0.0,0.0,7.499999987725658e-08,0.0,0.0,3.3306690738754696e-16,0.0,0.0,0.0,0.0,7.250000000347256e-07,7.500000001048335e-07,0.7250000000347256,True
M,oxidation,random,5,5.000000000143778e-07,6.174999999941644e-07,5.999999999062311e-07,0.0,0.0,0.0,0.0,1.3877787807814457e-17,6.661338147750939e-16,1.1102230246251565e-16,2.4999999959085528e-08,3.9999999996709334e-06,0.6174999999941644,True
M,oxidation,random,6,4.999999999588667e-07,4.7499999999978115e-07,2.7499999999403e-07,0.0,0.0,3.3306690738754696e-16,0.0,5.551115123125783e-17,3.3306690738754696e-16,0.0,3.499999999823089e-07,7.500000001048335e-07,0.4999999999588667,True
M,oxidation,random,7,0.0,3.249999999954678e-07,3.250000001342457e-07,0.0,1.3877787807814457e-17,3.3306690738754696e-16,0.0,5.551115123125783e-17,0.0,0.0,3.749999999760889e-08,5.050000000395016e-06,0.5050000000395016,True
M,oxidation,random,8,0.0,4.0000000001150227e-07,5.999999999062311e-07,0.0,1.3877787807814457e-17,3.3306690738754696e-16,0.0,0.0,3.3306690738754696e-16,0.0,3.749999999760889e-08,5.050000000617061e-06,0.5999999999062311,True
M,oxidation,random,9,5.00000000069889e-07,2.7499999999403e-07,1.9999999989472883e-07,0.0,0.0,0.0,0.0,0.0,3.3306690738754696e-16,0.0,0.0,0.0,0.500000000069889,True
M,oxidation,random,10,1.1102230246251565e-16,4.7499999999978115e-07,2.0000000011677344e-07,0.0,0.0,0.0,0.0,0.0,0.0,5.000000000143778e-07,0.0,3.0000000006413785e-07,0.5000000000143778,True
M,oxidation,random,11,0.0,1.1102230246251565e-16,2.0000000000575113e-07,0.0,0.0,0.0,0.0,0.0,0.0,0.0,0.0,3.500000000933312e-07,0.3500000000933312,True
M,oxidation,random,12,0.0,2.9999999995311555e-07,1.9999999989472883e-07,0.0,0.0,0.0,0.0,0.0,0.0,2.500000000071889e-07,0.0,4.7499999944466964e-07,0.47499999944466964,True
M,oxidation,random,13,0.0,2.7499999999403e-07,1.2500000012849455e-07,0.0,0.0,0.0,0.0,0.0,0.0,0.0,0.0,4.7499999944466964e-07,0.47499999944466964,True
M,oxidation,random,14,0.0,2.0000000000575113e-07,0.0,0.0,0.0,0.0,0.0,0.0,0.0,0.0,0.0,4.7500000044387036e-07,0.47500000044387036,True
M,oxidation,random,15,0.0,5.000000002919336e-08,2.0000000000575113e-07,0.0,0.0,0.0,0.0,0.0,0.0,0.0,0.0,2.220446049250313e-16,0.20000000000575113,True
M,oxidation,random,16,0.0,6.000000000172534e-07,0.0,0.0,0.0,0.0,0.0,0.0,0.0,0.0,0.0,0.0,0.6000000000172534,True
M,oxidation,random,17,0.0,2.0000000000575113e-07,0.0,0.0,0.0,0.0,0.0,0.0,0.0,0.0,0.0,0.0,0.20000000000575113,True
M,oxidation,random,18,0.0,0.0,0.0,0.0,0.0,0.0,0.0,0.0,0.0,0.0,0.0,0.0,0.0,True
M,oxidation,ranking_aware,4,0.0,0.0,7.499999987725658e-08,0.0,0.0,3.3306690738754696e-16,0.0,0.0,0.0,0.0,7.250000000347256e-07,7.500000001048335e-07,0.7250000000347256,True
M,oxidation,ranking_aware,5,4.999999999588667e-07,2.7499999999403002e-08,4.0000000001150227e-07,0.0,1.3877787807814457e-17,0.0,0.0,0.0,2.220446049250313e-16,0.0,4.999999999588667e-07,2.0000000000575113e-06,0.4999999999588667,True
M,oxidation,ranking_aware,6,4.999999999588667e-07,4.350000000069576e-07,5.250000001399968e-07,0.0,0.0,0.0,0.0,0.0,0.0,4.999999999588667e-07,7.499999998827889e-08,1.4999999997655777e-06,0.5250000001399968,True
M,oxidation,ranking_aware,7,5.000000000143778e-07,2.0000000000575113e-07,5.000000002919336e-08,0.0,1.3877787807814457e-17,0.0,0.0,5.551115123125783e-17,2.220446049250313e-16,0.0,4.2500000002609895e-07,1.9999999998354667e-06,0.5000000000143778,True
M,oxidation,ranking_aware,8,0.0,1.2499999998971667e-07,2.500000007010783e-08,0.0,0.0,0.0,0.0,0.0,2.220446049250313e-16,0.0,4.500000000406956e-07,2.2499999996483666e-06,0.4500000000406956,True
M,oxidation,ranking_aware,9,5.551115123125783e-17,2.750000000217856e-07,7.500000009930119e-08,0.0,1.3877787807814457e-17,3.3306690738754696e-16,0.0,5.551115123125783e-17,0.0,0.0,3.749999999760889e-08,6.999999999868223e-06,0.6999999999868222,True
M,oxidation,ranking_aware,10,0.0,2.0000000000575113e-07,5.000000002919336e-08,0.0,0.0,0.0,0.0,0.0,0.0,0.0,0.0,0.0,0.20000000000575113,True
M,oxidation,ranking_aware,11,0.0,1.750000000466656e-07,1.2500000012849455e-07,0.0,1.3877787807814457e-17,0.0,0.0,5.551115123125783e-17,0.0,5.000000000143778e-07,0.0,1.749999992695095e-07,0.5000000000143778,True
M,oxidation,ranking_aware,12,0.0,7.499999998827889e-08,2.0000000000575113e-07,0.0,0.0,0.0,0.0,0.0,0.0,0.0,0.0,3.3306690738754696e-16,0.20000000000575113,True
M,oxidation,ranking_aware,13,0.0,4.0000000001150227e-07,2.0000000000575113e-07,0.0,0.0,0.0,0.0,0.0,0.0,0.0,0.0,0.0,0.40000000001150227,True
M,oxidation,ranking_aware,14,0.0,4.500000000406956e-07,4.0000000001150227e-07,0.0,0.0,0.0,0.0,0.0,0.0,0.0,0.0,4.7500000044387036e-07,0.47500000044387036,True
M,oxidation,ranking_aware,15,0.0,0.0,0.0,0.0,0.0,0.0,0.0,0.0,0.0,0.0,0.0,4.999999996535553e-07,0.49999999965355535,True
M,oxidation,ranking_aware,16,0.0,4.0000000001150227e-07,2.0000000000575113e-07,0.0,0.0,0.0,0.0,0.0,0.0,0.0,0.0,0.0,0.40000000001150227,True
M,oxidation,ranking_aware,17,0.0,6.750000000055323e-07,0.0,0.0,0.0,0.0,0.0,0.0,0.0,0.0,0.0,0.0,0.6750000000055323,True
M,oxidation,ranking_aware,18,0.0,0.0,0.0,0.0,0.0,0.0,0.0,0.0,0.0,0.0,0.0,0.0,0.0,True
M,oxidation,uncertainty,4,0.0,0.0,7.499999987725658e-08,0.0,0.0,3.3306690738754696e-16,0.0,0.0,0.0,0.0,7.250000000347256e-07,7.500000001048335e-07,0.7250000000347256,True
M,oxidation,uncertainty,5,4.999999999588667e-07,5.999999999894978e-07,6.000000000172534e-07,0.0,0.0,0.0,0.0,0.0,0.0,0.0,3.499999999823089e-07,5.000000000032756e-06,0.6000000000172534,True
M,oxidation,uncertainty,6,5.000000000143778e-07,1.1749999997978655e-07,4.0000000001150227e-07,0.0,1.3877787807814457e-17,0.0,0.0,5.551115123125783e-17,0.0,0.0,2.500000001459668e-08,6.999999999868223e-06,0.6999999999868222,True
M,oxidation,uncertainty,7,5.00000000069889e-07,5.749999999749011e-07,2.0000000000575113e-07,0.0,0.0,0.0,0.0,0.0,0.0,0.0,7.499999998827889e-08,1.2499999997306332e-06,0.5749999999749011,True
M,oxidation,uncertainty,8,0.0,1.2500000001747225e-07,1.2500000012849455e-07,0.0,0.0,3.3306690738754696e-16,0.0,0.0,0.0,0.0,2.999999999808711e-07,0.0,0.2999999999808711,True
M,oxidation,uncertainty,9,0.0,5.551115123125783e-17,1.1102230246251565e-16,0.0,0.0,0.0,0.0,0.0,0.0,0.0,6.250000000040945e-07,3.7500000016343904e-07,0.6250000000040945,True
M,oxidation,uncertainty,10,0.0,2.0000000000575113e-07,7.499999987725658e-08,0.0,0.0,3.3306690738754696e-16,0.0,0.0,0.0,0.0,3.749999999760889e-08,0.0,0.3749999999760889,True
M,oxidation,uncertainty,11,0.0,0.0,2.0000000000575113e-07,0.0,0.0,0.0,0.0,0.0,0.0,0.0,0.0,7.250000001457479e-07,0.725000000145748,True
M,oxidation,uncertainty,12,0.0,2.0000000011677344e-07,2.0000000000575113e-07,0.0,0.0,0.0,0.0,0.0,0.0,0.0,0.0,2.500000003680114e-07,0.2500000003680114,True
M,oxidation,uncertainty,13,0.0,4.0000000001150227e-07,2.0000000000575113e-07,0.0,0.0,0.0,0.0,0.0,0.0,0.0,0.0,3.3750000011378845e-07,0.40000000001150227,True
M,oxidation,uncertainty,14,0.0,0.0,2.0000000000575113e-07,0.0,0.0,0.0,0.0,0.0,0.0,0.0,0.0,0.0,0.20000000000575113,True
M,oxidation,uncertainty,15,0.0,0.0,0.0,0.0,0.0,0.0,0.0,0.0,0.0,0.0,0.0,0.0,0.0,True
M,oxidation,uncertainty,16,0.0,8.000000000230045e-07,0.0,0.0,0.0,0.0,0.0,0.0,0.0,0.0,0.0,0.0,0.8000000000230045,True
M,oxidation,uncertainty,17,0.0,0.0,0.0,0.0,0.0,0.0,0.0,0.0,0.0,0.0,0.0,0.0,0.0,True
M,oxidation,uncertainty,18,0.0,0.0,0.0,0.0,0.0,0.0,0.0,0.0,0.0,0.0,0.0,0.0,0.0,True
M,reduction,diversity,4,5.000000000143778e-07,1.720000000066113e-07,4.7499999999978115e-07,0.0,0.0,0.0,0.0,0.0,3.3306690738754696e-16,0.0,2.500000000071889e-07,8.249999998710678e-07,1.720000000066113,True
M,reduction,diversity,5,0.0,4.500000000406956e-08,2.749999998830077e-07,0.0,0.0,0.0,0.0,0.0,0.0,0.0,0.0,3.499999998712866e-07,0.4500000000406956,True
M,reduction,diversity,6,0.0,4.0000000001150227e-07,0.0,0.0,0.0,0.0,0.0,0.0,0.0,0.0,2.949999999973807e-07,2.0000000011677344e-07,2.949999999973807,True
M,reduction,diversity,7,0.0,4.999999997368221e-08,1.9999999989472883e-07,0.0,0.0,0.0,0.0,0.0,0.0,0.0,0.0,3.499999999823089e-07,0.3499999999823089,True
M,reduction,diversity,8,0.0,2.7499999999403e-07,2.0000000000575113e-07,0.0,0.0,0.0,0.0,0.0,0.0,5.000000000143778e-07,0.0,2.9999999995311555e-07,0.5000000000143778,True
M,reduction,diversity,9,0.0,2.0000000000575113e-07,2.0000000000575113e-07,0.0,0.0,0.0,0.0,0.0,0.0,0.0,0.0,0.0,0.20000000000575113,True
M,reduction,diversity,10,0.0,1.2500000001747225e-07,2.7499999999403e-07,0.0,0.0,0.0,0.0,0.0,0.0,4.9999999997968336e-08,0.0,2.250000000203478e-07,0.49999999997968336,True
M,reduction,diversity,11,0.0,2.0000000000575113e-07,7.499999998827889e-08,0.0,0.0,0.0,0.0,1.1102230246251565e-16,0.0,0.0,0.0,1.1999999989520393e-07,0.20000000000575113,True
M,reduction,diversity,12,0.0,2.7499999999403e-07,4.0000000001150227e-07,0.0,0.0,0.0,0.0,0.0,0.0,0.0,0.0,3.749999996638387e-08,0.40000000001150227,True
M,reduction,diversity,13,0.0,4.0000000001150227e-07,0.0,0.0,0.0,0.0,0.0,0.0,0.0,0.0,0.0,0.0,0.40000000001150227,True
M,reduction,diversity,14,0.0,6.000000000172534e-07,1.2500000012849455e-07,0.0,0.0,0.0,0.0,0.0,0.0,0.0,0.0,0.0,0.6000000000172534,True
M,reduction,diversity,15,0.0,0.0,0.0,0.0,0.0,0.0,0.0,0.0,0.0,0.0,0.0,0.0,0.0,True
M,reduction,diversity,16,0.0,2.0000000000575113e-07,2.0000000000575113e-07,0.0,0.0,0.0,0.0,0.0,0.0,0.0,0.0,0.0,0.20000000000575113,True
M,reduction,diversity,17,0.0,0.0,0.0,0.0,0.0,0.0,0.0,0.0,0.0,0.0,0.0,2.7500000019352322e-08,2.750000001935232,True
M,reduction,diversity,18,0.0,0.0,0.0,0.0,0.0,0.0,0.0,0.0,0.0,0.0,0.0,0.0,0.0,True
M,reduction,random,4,5.000000000143778e-07,1.720000000066113e-07,4.7499999999978115e-07,0.0,0.0,0.0,0.0,0.0,3.3306690738754696e-16,0.0,2.500000000071889e-07,8.249999998710678e-07,1.720000000066113,True
M,reduction,random,5,5.551115123125783e-17,6.000000001005201e-08,8.500000000521979e-07,0.0,0.0,0.0,0.0,0.0,0.0,4.999999999588667e-07,3.749999999760889e-08,3.7500000005241674e-07,0.8500000000521979,True
M,reduction,random,6,0.0,2.4999999986841104e-08,5.250000001399968e-07,0.0,1.3877787807814457e-17,0.0,0.0,2.7755575615628914e-17,0.0,0.0,3.749999999760889e-08,4.499999995966064e-07,0.5250000001399968,True
M,reduction,random,7,0.0,4.9999999987559995e-08,3.250000001342457e-07,0.0,0.0,3.3306690738754696e-16,0.0,1.3877787807814457e-17,0.0,2.7755575615628914e-17,2.2499999999432696e-08,1.5000000008758008e-07,2.2499999999432694,True
M,reduction,random,8,5.00000000069889e-07,4.074999999936768e-07,3.250000001342457e-07,0.0,0.0,0.0,0.0,2.7755575615628914e-17,0.0,0.0,0.0,4.440892098500626e-16,0.500000000069889,True
M,reduction,random,9,1.1102230246251565e-16,2.500000000349445e-07,2.0000000000575113e-07,0.0,0.0,0.0,0.0,0.0,0.0,0.0,0.0,9.999999978083096e-08,0.2500000000349445,True
M,reduction,random,10,0.0,6.000000000172534e-07,2.0000000000575113e-07,0.0,0.0,0.0,0.0,0.0,0.0,0.0,0.0,5.551115123125783e-17,0.6000000000172534,True
M,reduction,random,11,0.0,7.499999998827889e-08,2.0000000000575113e-07,0.0,0.0,0.0,0.0,0.0,0.0,0.0,0.0,2.499999999239222e-07,0.2499999999239222,True
M,reduction,random,12,0.0,0.0,5.999999999062311e-07,0.0,0.0,0.0,0.0,0.0,0.0,2.0000000000575113e-07,0.0,1.2499999990644994e-07,2.0000000000575113,True
M,reduction,random,13,0.0,0.0,1.2500000001747225e-07,0.0,0.0,0.0,0.0,0.0,0.0,0.0,0.0,0.0,0.12500000001747225,True
M,reduction,random,14,0.0,4.0000000001150227e-07,0.0,0.0,0.0,0.0,0.0,1.1102230246251565e-16,0.0,0.0,0.0,5.551115123125783e-17,0.40000000001150227,True
M,reduction,random,15,0.0,1.2499999990644994e-07,2.0000000000575113e-07,0.0,0.0,0.0,0.0,1.1102230246251565e-16,0.0,0.0,0.0,1.249999998509388e-07,0.20000000000575113,True
M,reduction,random,16,0.0,3.250000000232234e-07,0.0,0.0,0.0,0.0,0.0,1.1102230246251565e-16,0.0,0.0,0.0,1.249999998509388e-07,0.3250000000232234,True
M,reduction,random,17,0.0,2.0000000000575113e-07,2.0000000000575113e-07,0.0,0.0,0.0,0.0,0.0,0.0,0.0,0.0,4.500000000962068e-07,0.4500000000962068,True
M,reduction,random,18,0.0,0.0,0.0,0.0,0.0,0.0,0.0,0.0,0.0,0.0,0.0,0.0,0.0,True
M,reduction,ranking_aware,4,5.000000000143778e-07,1.720000000066113e-07,4.7499999999978115e-07,0.0,0.0,0.0,0.0,0.0,3.3306690738754696e-16,0.0,2.500000000071889e-07,8.249999998710678e-07,1.720000000066113,True
M,reduction,ranking_aware,5,4.999999999588667e-07,1.500000000598245e-08,3.250000000232234e-07,0.0,0.0,0.0,0.0,1.3877787807814457e-17,0.0,4.999999999588667e-07,2.3250000000252236e-07,1.4999999986553547e-07,2.3250000000252236,True
M,reduction,ranking_aware,6,4.999999999588667e-07,3.749999999830278e-07,2.500000001459668e-07,0.0,0.0,0.0,0.0,1.3877787807814457e-17,0.0,0.0,3.749999999760889e-08,2.9999999995311555e-07,0.4999999999588667,True
M,reduction,ranking_aware,7,5.000000000143778e-07,3.19999999970344e-07,1.9999999989472883e-07,0.0,0.0,0.0,0.0,0.0,0.0,0.0,0.0,5.500000002101046e-07,0.5500000002101046,True
M,reduction,ranking_aware,8,0.0,5.249999999734634e-07,2.749999998830077e-07,0.0,1.3877787807814457e-17,3.3306690738754696e-16,0.0,2.7755575615628914e-17,0.0,0.0,2.2499999999432696e-08,4.7499999955569194e-07,2.2499999999432694,True
M,reduction,ranking_aware,9,0.0,1.2500000001747225e-07,6.000000000172534e-07,0.0,0.0,0.0,0.0,0.0,0.0,0.0,0.0,0.0,0.6000000000172534,True
M,reduction,ranking_aware,10,1.1102230246251565e-16,5.250000000289745e-07,4.0000000001150227e-07,0.0,0.0,0.0,0.0,0.0,0.0,4.9999999997968336e-08,0.0,0.0,0.5250000000289745,True
M,reduction,ranking_aware,11,0.0,4.0000000001150227e-07,6.000000000172534e-07,0.0,0.0,0.0,0.0,0.0,0.0,0.0,0.0,0.0,0.6000000000172534,True
M,reduction,ranking_aware,12,0.0,0.0,0.0,0.0,0.0,0.0,0.0,0.0,0.0,0.0,0.0,0.0,0.0,True
M,reduction,ranking_aware,13,4.999999999588667e-07,0.0,4.0000000001150227e-07,0.0,0.0,0.0,0.0,0.0,0.0,0.0,0.0,0.0,0.4999999999588667,True
M,reduction,ranking_aware,14,0.0,2.0000000000575113e-07,0.0,0.0,0.0,0.0,0.0,0.0,0.0,0.0,0.0,0.0,0.20000000000575113,True
M,reduction,ranking_aware,15,0.0,2.0000000000575113e-07,4.0000000001150227e-07,0.0,0.0,0.0,0.0,0.0,0.0,0.0,0.0,0.0,0.40000000001150227,True
M,reduction,ranking_aware,16,0.0,4.0000000001150227e-07,0.0,0.0,0.0,0.0,0.0,0.0,0.0,0.0,0.0,0.0,0.40000000001150227,True
M,reduction,ranking_aware,17,0.0,0.0,0.0,0.0,0.0,0.0,0.0,0.0,0.0,0.0,0.0,0.0,0.0,True
M,reduction,ranking_aware,18,0.0,0.0,0.0,0.0,0.0,0.0,0.0,0.0,0.0,0.0,0.0,0.0,0.0,True
M,reduction,uncertainty,4,5.000000000143778e-07,1.720000000066113e-07,4.7499999999978115e-07,0.0,0.0,0.0,0.0,0.0,3.3306690738754696e-16,0.0,2.500000000071889e-07,8.249999998710678e-07,1.720000000066113,True
M,reduction,uncertainty,5,0.0,7.499999998827889e-08,1.9999999989472883e-07,0.0,0.0,0.0,0.0,0.0,0.0,0.0,0.0,1.2499999979542764e-07,0.19999999989472883,True
M,reduction,uncertainty,6,5.551115123125783e-17,4.0000000001150227e-07,1.2500000012849455e-07,0.0,0.0,0.0,0.0,0.0,0.0,0.0,0.0,2.220446049250313e-16,0.40000000001150227,True
M,reduction,uncertainty,7,0.0,7.499999998827889e-08,1.0000000005838672e-07,0.0,0.0,0.0,0.0,0.0,0.0,0.0,0.0,3.499999999823089e-07,0.3499999999823089,True
M,reduction,uncertainty,8,0.0,2.7499999999403e-07,2.0000000000575113e-07,0.0,0.0,0.0,0.0,0.0,0.0,0.0,0.0,2.9999999995311555e-07,0.29999999995311555,True
M,reduction,uncertainty,9,0.0,6.750000000055323e-07,4.0000000001150227e-07,0.0,0.0,0.0,0.0,0.0,0.0,0.0,0.0,3.2499999993995665e-07,0.6750000000055323,True
M,reduction,uncertainty,10,0.0,2.0000000000575113e-07,0.0,0.0,0.0,3.3306690738754696e-16,0.0,0.0,0.0,4.9999999997968336e-08,2.2499999999432696e-08,0.0,2.2499999999432694,True
M,reduction,uncertainty,11,1.1102230246251565e-16,4.7499999999978115e-07,7.499999998827889e-08,0.0,0.0,0.0,0.0,0.0,0.0,0.0,0.0,7.000000001589068e-07,0.7000000001589068,True
M,reduction,uncertainty,12,0.0,2.7499999999403e-07,1.1102230246251565e-16,0.0,0.0,0.0,0.0,1.1102230246251565e-16,0.0,0.0,0.0,6.000000001699091e-07,0.6000000001699091,True
M,reduction,uncertainty,13,0.0,0.0,4.0000000001150227e-07,0.0,0.0,3.3306690738754696e-16,0.0,0.0,0.0,0.0,2.2499999999432696e-08,0.0,2.2499999999432694,True
M,reduction,uncertainty,14,0.0,0.0,3.250000000232234e-07,0.0,0.0,0.0,0.0,0.0,0.0,0.0,0.0,0.0,0.3250000000232234,True
M,reduction,uncertainty,15,0.0,0.0,2.0000000000575113e-07,0.0,0.0,0.0,0.0,0.0,0.0,0.0,0.0,0.0,0.20000000000575113,True
M,reduction,uncertainty,16,0.0,4.0000000001150227e-07,0.0,0.0,0.0,3.3306690738754696e-16,0.0,0.0,0.0,0.0,2.2499999999432696e-08,6.250000003302225e-08,2.2499999999432694,True
M,reduction,uncertainty,17,0.0,0.0,0.0,0.0,0.0,0.0,0.0,0.0,0.0,0.0,0.0,6.250000003302225e-08,0.6250000003302225,True
M,reduction,uncertainty,18,0.0,0.0,0.0,0.0,0.0,0.0,0.0,0.0,0.0,0.0,0.0,0.0,0.0,True
