task,axis,baseline,n_pairs,matched_n_min,matched_n_max,win_rate_tau,tie_rate_tau,median_gain_tau
C,oxidation,diversity,140,4,10,0.4357142857142857,0.40714285714285714,0.0
C,oxidation,ranking_aware,140,4,10,0.30714285714285716,0.37857142857142856,0.0
C,oxidation,uncertainty,140,4,10,0.37857142857142856,0.4,0.0
C,reduction,diversity,140,4,10,0.32857142857142857,0.4357142857142857,0.0
C,reduction,ranking_aware,140,4,10,0.3,0.40714285714285714,0.0
C,reduction,uncertainty,140,4,10,0.3357142857142857,0.4,0.0
E,oxidation,diversity,300,4,18,0.6366666666666667,0.19333333333333333,0.03921600000000003
E,oxidation,ranking_aware,300,4,18,0.4866666666666667,0.2,0.0
E,oxidation,uncertainty,300,4,18,0.66,0.17666666666666667,0.051937499999999984
E,reduction,diversity,300,4,18,0.5633333333333334,0.18333333333333332,0.026143999999999945
E,reduction,ranking_aware,300,4,18,0.48,0.17333333333333334,0.0
E,reduction,uncertainty,300,4,18,0.5066666666666667,0.21,0.008902500000000035
M,oxidation,diversity,300,4,18,0.5933333333333334,0.21,0.03119849999999999
M,oxidation,ranking_aware,300,4,18,0.38333333333333336,0.17,0.0
M,oxidation,uncertainty,300,4,18,0.5866666666666667,0.17333333333333334,0.03921599999999997
M,reduction,diversity,300,4,18,0.42,0.19,0.0
M,reduction,ranking_aware,300,4,18,0.39666666666666667,0.19,0.0
M,reduction,uncertainty,300,4,18,0.4,0.18666666666666668,0.0
