mol_id,name,family,motif_id,is_primary,li_contacts,ip_c0_g2_ev,ip_c1_ev,d_ip_ev,d_ip_kj,ip_c1_relaxed_ev,d_ip_relaxed_ev,ea_c0_g2_ev,ea_c1_ev,d_ea_ev,d_ea_kj,ea_c1_relaxed_ev,d_ea_relaxed_ev,ip_c1_smd_ev,d_ip_smd_ev,ea_c1_smd_ev,d_ea_smd_ev,qc_flags,status_flags
C04,EC,cyclic_carbonate,m1,True,[4],10.78115,15.101975,4.320825,416.896249,14.639227,3.858077,-2.446249,3.708772,6.155021,593.8692,3.762688,6.208937,8.748846,-2.032304,1.456873,3.903122,motif_switch,
C01,DMC,linear_carbonate,m2,False,"[1, 4]",10.596716,15.512725,4.916009,474.32279,,,-3.1349,3.991133,7.126033,687.55768,,,9.142322,-1.454394,1.474269,4.609169,motif_switch,
C01,DMC,linear_carbonate,m1,True,[3],10.596716,14.931816,4.3351,418.273519,14.510627,3.913911,-3.1349,4.022537,7.157437,690.587691,4.078209,7.213109,8.838136,-1.75858,1.470816,4.605716,motif_switch,
C08,DME,ether,m1,True,"[1, 4]",8.889516,14.023864,5.134348,495.389308,13.681528,4.792012,-3.620388,3.447044,7.067432,681.903496,3.518053,7.138441,7.581475,-1.308041,1.315671,4.936059,motif_switch,
C09,DOL,ether,m1,True,"[2, 4]",9.380578,15.536195,6.155617,593.926736,12.438823,3.058245,-4.027704,4.033295,8.060999,777.768173,4.118565,8.146269,8.474005,-0.906573,1.471438,5.499142,motif_switch,
C13,GBL,ester,m1,True,[0],9.99023,14.891343,4.901113,472.885512,14.298534,4.308304,-2.459793,3.71793,6.177723,596.059688,3.770851,6.230644,8.602631,-1.387599,1.444455,3.904248,motif_switch,
C14,SL,sulfone,m1,True,"[0, 2]",9.735116,14.663876,4.92876,475.55301,,,-2.862433,3.357895,6.220328,600.170373,3.451766,6.314199,8.473222,-1.261894,1.388516,4.250949,,
C15,DMSO,sulfoxide,m1,True,[3],8.774298,13.958636,5.184338,500.21257,12.421154,3.646856,-2.742647,3.723853,6.4665,623.922443,3.789603,6.53225,7.519068,-1.25523,1.454387,4.197034,,
C16,AN,nitrile,m1,True,[2],12.091154,17.19659,5.105436,492.599698,15.076707,2.985553,-3.168571,3.904491,7.073062,682.446768,3.92857,7.097141,9.913828,-2.177326,1.414777,4.583348,,
C18,SN,nitrile,m1,True,"[0, 5]",11.541108,16.318624,4.777516,460.960242,14.965812,3.424704,-1.719385,3.207882,4.927267,475.408995,4.396852,6.116237,9.446815,-2.094293,1.085581,2.804966,motif_switch,
C17,TMP,phosphate,m2,False,"[1, 4, 6]",9.980245,14.265736,4.285491,413.487001,,,-2.738986,3.729764,6.46875,624.139521,,,8.463239,-1.517006,1.458552,4.197538,motif_switch,
C17,TMP,phosphate,m1,True,[3],9.980245,14.009541,4.029296,388.767974,13.351774,3.371529,-2.738986,3.737528,6.476514,624.888629,3.8365,6.575486,8.429033,-1.551212,1.453782,4.192768,motif_switch,
