name,state,epsilon,arm_set,n_atoms,xtb_sp_delta_ev,xtb_relax_delta_ev,xtb_delta_shift_ev,xtb_rmsd_start_arms,xtb_relax_rmsd_arms,xtb_drift_default,xtb_drift_moread,xtb_same_minimum,xtb_still_lower,xtb_single_point_still_lower,xtb_preference_flipped,outcome,stage19_outcome,stage19_relax_delta_ev,stage19_rmsd_relaxed_arms,stage19_rmsd_same_minimum,agrees_with_stage19,xtb_sp_matches_stage19_relax,xtb_sp_energy_default_eh,xtb_sp_energy_moread_eh,xtb_relax_energy_default_eh,xtb_relax_energy_moread_eh,xtb_energy_drop_default_ev,xtb_energy_drop_moread_ev,opt_converged_default,opt_converged_moread,job_status_default,job_status_moread,qc_flags_default,qc_flags_moread,seconds_default,seconds_moread,both_arms_ok,symbols_match
DEC,anion,5.0,holdout,18,0.027321519488158384,-0.026514876610338328,-0.05383639609849671,0.3010202223218041,1.4001105711941781,1.1000452593478787,0.9372253615588655,False,True,False,False,distinct_lower,distinct_higher,0.020012137216575427,0.3010201640452088,False,False,True,-28.135071563089,-28.134067515767,-28.145418168768,-28.146392572511,0.2815454834662149,0.33538187956471155,True,True,ok,ok,,,1.27,1.3,True,True
DEC,anion,20.0,holdout,18,0.02831651060190766,-0.027158862991479942,-0.0554753735933876,0.3157393095180218,1.4116539210527628,1.1136311917390107,0.9596856036246223,False,True,False,False,distinct_lower,distinct_higher,0.023705949509819843,0.3157392353434583,False,False,True,-28.134319559413,-28.133278946842,-28.145393012492,-28.146391082298,0.30132400880948756,0.3567993824028752,True,True,ok,ok,,,1.13,1.33,True,True
DEC,anion,200.0,holdout,18,0.029391671303170608,-0.026842345153629606,-0.056234016456800213,0.3217496119891348,1.4141294700030995,1.1207044628065566,0.973932252990901,False,True,False,False,distinct_lower,distinct_higher,0.024836745984528424,0.3217495135126956,False,False,True,-28.134080766707,-28.133000642709,-28.145397966891,-28.146384404881,0.30795670542996806,0.36419072188676826,True,True,ok,ok,,,1.18,0.65,True,True
DMC,cation,5.0,discovery,12,0.00040655261416268205,-2.0878017701793213e-05,-0.00042743063186447526,0.003116827558555798,0.0031534567867245503,0.3124715032582216,0.31483874773335047,True,False,False,False,same_higher,same_higher,-3.846672372875511e-05,0.0031165808074211233,True,True,True,-21.124417587784,-21.124402647251,-21.149724279638,-21.149725046891,0.6886301666474504,0.6890575972793148,True,True,ok,ok,,,0.95,0.98,True,True
EC,cation,5.0,discovery,10,0.007171070495948721,-1.164247321914662e-05,-0.0071827129691678674,0.1003095075157301,0.10617310440606754,0.05047691110209633,0.04203961886059128,False,False,False,False,distinct_higher,distinct_lower,-0.009721645838911745,0.10030964047788972,False,False,False,-20.1159525047,-20.11568897272,-20.117657526138,-20.117657953991,0.046395996907086685,0.05357870987625456,True,True,ok,ok,,,0.54,0.22,True,True
EC,cation,7.0,discovery,10,-0.0031351771455300215,-0.01055022112099607,-0.007415043975466048,0.0790470031950508,0.05258940022632358,0.01590582237982734,0.030032530894904916,False,True,True,False,distinct_lower,distinct_lower,-0.003980677175181924,0.07904720846049523,False,True,True,-20.115916730893,-20.116031946528,-20.117270218034,-20.117657931509,0.03683026137271477,0.04424530534818082,True,True,ok,ok,,,0.29,0.41,True,True
EC,cation,10.0,discovery,10,-0.007600155743420001,-8.552538679697273e-06,0.007591603204740303,0.06664378385325276,0.10655032467233123,0.056137444212812984,0.021329291973094425,False,False,True,True,distinct_higher,distinct_lower,-0.0011033886232247473,0.06664380425549969,False,False,True,-20.115900242174,-20.116179542746,-20.11765718243,-20.11765749673,0.04780877991717835,0.040217176712438046,True,True,ok,ok,,,0.69,0.63,True,True
EC,cation,14.0,discovery,10,-0.0073075516526476805,1.1163961037008625e-05,0.007318715613684689,0.04019665656967134,0.10674367985875624,0.057260605569008215,0.023477336984898532,False,False,True,True,distinct_higher,same_higher,-0.00021457443488562462,0.0401967189068076,False,False,False,-20.115884814228,-20.116153361798,-20.117657973248,-20.11765756298,0.0482501149687979,0.04093139935511321,True,True,ok,ok,,,0.65,0.51,True,True
EC,cation,20.0,discovery,10,-0.0026675996779429354,-4.584492754277455e-06,0.0026630151851886577,0.020507237801648686,0.107199008865876,0.056839845235984954,0.03958375462315683,False,False,True,True,distinct_higher,same_higher,4.2508021967618276e-05,0.020507227546407027,False,False,False,-20.115870748762,-20.115968781242,-20.117657547937,-20.117657716414,0.04862128249496242,0.04595826730977376,True,True,ok,ok,,,0.57,0.57,True,True
EMC,anion,5.0,discovery,15,-2.2775876584679e-08,5.219960727975021e-07,5.447719493821811e-07,8.85820652757289e-08,6.840886703708335e-05,1.1911724620400455,1.1911316787769577,True,False,False,False,same_higher,same_higher,9.143065204854967e-09,5.148652508505518e-07,True,True,True,-24.968436250452,-24.968436251289,-24.979296023871,-24.979296004688,0.29550948904832014,0.29550894427637076,True,True,ok,ok,,,0.79,0.71,True,True
EMC,anion,20.0,discovery,15,0.023122577416266953,-0.013252117458756084,-0.03637469487502304,0.30694678258947283,1.617455027389598,0.9588318221549376,1.2054900457062618,False,True,False,False,distinct_lower,distinct_higher,0.024024507683440086,0.3069465539521443,False,False,True,-24.968583317755,-24.967733578708,-24.978810886593,-24.979297892927,0.27830632600818284,0.3146810208832059,True,True,ok,ok,,,0.43,0.48,True,True
EMC,anion,40.0,discovery,15,-6.887200253538257e-08,-4.990549189906296e-05,-4.983661989652758e-05,6.075623160361165e-07,0.002688287212995559,1.2173877198848764,1.218379762170292,True,False,False,False,same_higher,same_higher,2.6666629019066084e-09,8.178801835345614e-07,True,True,True,-24.967614823437,-24.967614825968,-24.979305659925,-24.979307493918,0.31812386721366875,0.31817370383356525,True,True,ok,ok,,,0.52,0.55,True,True
EMC,anion,80.0,discovery,15,-2.4680746285199874e-08,-1.3014471378851835e-05,-1.2989790632566634e-05,1.2576415502227437e-07,0.003151095655271018,1.2123841294530797,1.2125352846453823,True,False,False,False,same_higher,same_higher,6.858458994810848e-09,5.443403470214049e-07,True,True,True,-24.967528796132,-24.967528797039,-24.979301312371,-24.979301790644,0.32034648646656166,0.32035947625719424,True,True,ok,ok,,,0.67,0.62,True,True
EMC,anion,200.0,discovery,15,2.2449407594694277e-08,-9.583224386228173e-06,-9.605673793822867e-06,1.6034821248167908e-07,0.000895264368214391,1.207281090182389,1.2079250803166528,True,False,False,False,same_higher,same_higher,-1.0476396655808271e-08,3.2886949560490225e-07,True,True,True,-24.967491171121,-24.967491170296,-24.979297633722,-24.979297985899,0.32127021403455486,0.3212798197083487,True,True,ok,ok,,,0.46,0.5,True,True
EMC,anion,1000.0,discovery,15,4.6368167329980146e-08,-0.00028171395784833787,-0.00028176032601566784,2.6836285103722204e-07,0.013825311379966555,1.2060728277891428,1.2110395063911306,True,False,False,False,same_higher,same_higher,-2.3945828529243738e-08,2.357383699400464e-07,True,True,True,-24.967457434653,-24.967457432949,-24.979293432409,-24.979303785206,0.3220739065452138,0.32235566687122946,True,True,ok,ok,,,0.52,0.51,True,True
PC,anion,5.0,discovery,13,0.009368630429521694,-0.033129827107574,-0.04249845753709569,0.4765772789595693,0.8077658302445484,0.41515440120356906,0.4519658207585252,False,True,False,False,distinct_lower,distinct_higher,0.006531354124826713,0.47657738075063394,False,False,True,-23.967636056191,-23.967291765373,-23.972715420694,-23.973932919384,0.1382165493753076,0.1807150069124033,True,True,ok,ok,,,0.71,0.56,True,True
PC,anion,7.0,discovery,13,0.009933121358218782,-0.03301097506510095,-0.042944096423319734,0.47413916211869733,0.8094380119132353,0.4142409039774076,0.4533879382786098,False,True,False,False,distinct_lower,distinct_higher,0.007180428164388885,0.47413917349528373,False,False,True,-23.967394996245,-23.967029960768,-23.97271631545,-23.973929446408,0.14480047222541578,0.1877445686487355,True,True,ok,ok,,,0.65,0.55,True,True
PC,anion,10.0,discovery,13,0.009781950923630732,-0.03306290867604316,-0.04284485959967389,0.4724266225583572,0.8087451992400685,0.413235541183587,0.4519786948316384,False,True,False,False,distinct_lower,distinct_higher,0.007649661282287425,0.4724263752968184,False,False,True,-23.967169966666,-23.9668104866,-23.972716456896,-23.973931496379,0.15092768795811615,0.19377254755779003,True,True,ok,ok,,,0.68,0.4,True,True
PC,anion,14.0,discovery,13,0.010107848091046876,-0.033088981428967164,-0.04319682952001404,0.47210435097472336,0.8050213531117268,0.41316008504302376,0.450622504620617,False,True,False,False,distinct_lower,distinct_higher,0.007960488076258149,0.47210428758115197,False,False,True,-23.967017596927,-23.966646140361,-23.97271774061,-23.973933738249,0.1551088114157592,0.19830564093577321,True,True,ok,ok,,,0.44,0.37,True,True
PC,anion,20.0,discovery,13,0.0098938394362983,-0.03307522917537391,-0.042969068611672205,0.4722724345860237,0.804662623702757,0.41315781244051103,0.4500439695900658,False,True,False,False,distinct_lower,distinct_higher,0.008191005062495529,0.4722725363629288,False,False,True,-23.966887446679,-23.966523854786,-23.972718170137,-23.97393366239,0.15866206810919764,0.20163113672086985,True,True,ok,ok,,,0.71,0.66,True,True
PC,anion,28.0,discovery,13,0.009886261500651023,-0.03320854406962494,-0.04309480557027596,0.4715584372147478,0.8075538694951032,0.4084470355479295,0.45027557400913115,False,True,False,False,distinct_lower,distinct_higher,0.008332749365089646,0.4715583375584691,False,False,True,-23.96679273961,-23.966429426201,-23.972713174923,-23.973933566408,0.16110325204646656,0.2041980576167425,True,True,ok,ok,,,0.58,0.66,True,True
PC,anion,40.0,discovery,13,0.009753069982869279,-0.033110879846523805,-0.04286394982939308,0.47203503242010797,0.8046466572158605,0.4112333305056621,0.44982862113619415,False,True,False,False,distinct_lower,distinct_higher,0.008447198550766219,0.4720351222805407,False,False,True,-23.966723946396,-23.966365527685,-23.972716743015,-23.973933545406,0.16307230349319007,0.20593625332258317,True,True,ok,ok,,,0.71,0.65,True,True
PC,anion,80.0,discovery,13,0.00990654350739998,-0.033010103566041296,-0.042916647073441276,0.4707867708825824,0.8003165377031003,0.41570006852470853,0.44971082161581527,False,True,False,False,distinct_lower,distinct_higher,0.008588564612595028,0.4707866859041085,False,False,True,-23.96664675019,-23.966282691431,-23.972720394819,-23.97393349375,0.1652722899205338,0.2081889369939751,True,True,ok,ok,,,0.71,0.63,True,True
PC,anion,200.0,discovery,13,0.009922599803564082,-0.03303808644948593,-0.04296068625305001,0.47062537772587076,0.8010039100273506,0.41428863083872164,0.4496389498619745,False,True,False,False,distinct_lower,distinct_higher,0.008667271805421551,0.47062541062772745,False,False,True,-23.966596451947,-23.96623180313,-23.972719339687,-23.97393346697,0.16661226323391995,0.20957294948696997,True,True,ok,ok,,,0.76,0.75,True,True
PC,anion,1000.0,discovery,13,0.009933905835166179,-0.033084012004041714,-0.04301791783920789,0.47049946306253504,0.8035923552468869,0.41140215887930776,0.4495982928904301,False,True,False,False,distinct_lower,distinct_higher,0.00870928052724334,0.47049957053969693,False,False,True,-23.966569367479,-23.966204303173,-23.972717640829,-23.973933455845,0.16730304087276485,0.21032095871197273,True,True,ok,ok,,,0.76,0.54,True,True
TEGDME,anion,20.0,holdout,37,-0.03267062405295135,0.10784443370293204,0.14051505775588338,2.21421971328737,4.031164323005799,1.5206211413995587,2.944810784670083,False,False,True,True,distinct_higher,distinct_lower,-0.06561479508127488,2.214219724561881,False,False,True,-52.98792974982,-52.989130373109,-53.025932651152,-53.021969441313,1.0341116266132182,0.8935965688573348,True,True,ok,ok,,,3.45,3.12,True,True
TEGDME,anion,200.0,holdout,37,-0.34415113259922386,0.2936996846747242,0.6378508172739481,3.852698279965347,3.277308622515503,2.4969619712934583,1.106080167841796,False,False,True,True,distinct_higher,distinct_lower,-0.12993632285611717,3.8526982508229617,False,False,True,-52.984204107732,-52.996851428581,-53.032085507051,-53.021292242716,1.3029192508677785,0.6650684335938304,True,True,ok,ok,,,2.97,1.7,True,True
TMP,cation,5.0,discovery,17,0.0001782804855449046,-6.060005655699595e-05,-0.00023888054210190055,0.7125467299866919,0.941781913245441,0.6462739334675625,0.6459752532502123,False,False,False,False,distinct_higher,distinct_higher,0.0019599657526673782,0.7125467660184424,False,True,True,-29.382461654315,-29.382455102628,-29.40013324591,-29.400135472921,0.48086850447281804,0.4811073850149199,True,True,ok,ok,,,0.89,0.92,True,True
TMP,cation,7.0,discovery,17,0.0015919245998926425,-0.0001455558819964284,-0.001737480481889071,0.7300196946925627,0.9521081604347573,0.6514644193352312,0.6545731906624892,False,False,False,False,distinct_higher,distinct_higher,0.001449102427493875,0.7300197238858394,False,True,True,-29.382477408126,-29.382418905976,-29.400138347878,-29.400143696958,0.4805786530587473,0.48231613354063635,True,True,ok,ok,,,0.82,0.87,True,True
TMP,cation,10.0,discovery,17,0.004385179057997729,0.00021333732265304525,-0.004171841735344684,0.7436106533497923,0.946854365099066,0.673255823593113,0.6572878720395294,False,False,False,False,distinct_higher,distinct_higher,0.0017088191652375097,0.7436106320913608,False,True,True,-29.382556492814,-29.382395340456,-29.400146997896,-29.400139157894,0.47866202804835295,0.48283386978369763,True,True,ok,ok,,,0.97,0.83,True,True
TMP,cation,14.0,discovery,17,0.004785300859700292,5.005112723096656e-05,-0.004735249732469325,0.7511402462498513,0.957305964631088,0.6733300672680272,0.6583338904086508,False,False,False,False,distinct_higher,distinct_higher,0.0015103872876084362,0.7511402453540208,False,True,True,-29.382563663073,-29.38238780651,-29.400149888613,-29.400148049268,0.478545575778014,0.4832808255104833,True,True,ok,ok,,,1.17,1.14,True,True
TMP,cation,20.0,discovery,17,0.004738332646427039,-2.3998973272466807e-05,-0.004762331619699506,0.7556103221388182,0.959555875527821,0.674384373168794,0.6587856751797861,False,False,False,False,distinct_higher,distinct_higher,0.0013651257510007857,0.7556102006324574,False,True,True,-29.382566512563,-29.38239238205,-29.400150304468,-29.400151186414,0.4784793531960421,0.48324168481574165,True,True,ok,ok,,,1.26,0.97,True,True
TMP,cation,28.0,discovery,17,0.004561258251213421,-0.0001825828505072312,-0.004743841101720652,0.7586368283300219,0.9563462498239044,0.6751625971458004,0.6592064354161595,False,False,False,False,distinct_higher,distinct_higher,0.0012673502324264641,0.7586368387682125,False,True,True,-29.382568599731,-29.382400976582,-29.400145239968,-29.400151949764,0.4782847463957661,0.4830285874974868,True,True,ok,ok,,,0.87,1.29,True,True
TMP,cation,40.0,discovery,17,0.004661740839245133,-0.0002128746201933669,-0.0048746154594385,0.7605543090371426,0.9556552503334418,0.6768693156186704,0.6589465427341105,False,False,False,False,distinct_higher,distinct_higher,0.0011947960796370573,0.7605542984766157,False,True,True,-29.3825711303,-29.382399814484,-29.400141646104,-29.400149469102,0.4781180920838694,0.4829927075433079,True,True,ok,ok,,,1.45,1.16,True,True
TMP,cation,80.0,discovery,17,-0.0039120544948003525,-0.00010079453935077693,0.0038112599554495754,0.7624083011666752,0.9595484337315205,0.6507192816872769,0.6617522532158204,False,False,True,True,distinct_higher,distinct_higher,-0.0002595628570637431,0.7624082776350559,False,True,False,-29.38226694319,-29.382410708541,-29.40014711415,-29.400150818281,0.4865442381368051,0.4827329781813555,True,True,ok,ok,,,1.07,0.9,True,True
TMP,cation,200.0,discovery,17,0.0043712599440445315,-1.0963222631313372e-05,-0.004382223166675845,0.7646682765565377,0.9608126000020472,0.678844964683063,0.6619218639469059,False,False,False,False,distinct_higher,distinct_higher,0.0010651257414355888,0.764668400892879,False,True,True,-29.382575124661,-29.382414483821,-29.400150584944,-29.400150987835,0.4782526382117844,0.48263486137846023,True,True,ok,ok,,,1.42,1.37,True,True
TMP,cation,1000.0,discovery,17,0.004311384363552897,-3.506040177828212e-05,-0.004346444765331179,0.7652785278307448,0.9606332532137513,0.6794267959894831,0.6618546839249145,False,False,False,False,distinct_higher,distinct_higher,0.0010396587673353946,0.765278438174083,False,True,True,-29.382575818246,-29.382417377793,-29.400149741278,-29.400151029724,0.4782108074810106,0.4825572522463418,True,True,ok,ok,,,1.52,0.9,True,True
