name,state,axis,epsilon,arm_set,outcome,energy_drop_default_ev,energy_drop_moread_ev,delta_ev,delta_moread_ev,two_arm_delta_ev,rmsd_relaxed_arms
DEC,anion,reduction,5.0,holdout,distinct_higher,1.9724919550495605,1.832646804643541,-1.9724919550495605,-1.832646804643541,0.020012137216575427,0.3010201640452088
DEC,anion,reduction,20.0,holdout,distinct_higher,1.7960130243084986,1.7137253730549953,-1.7960130243084986,-1.7137253730549953,0.023705949509819843,0.3157392353434583
DEC,anion,reduction,200.0,holdout,distinct_higher,1.7574966939877512,1.6685519876236978,-1.7574966939877512,-1.6685519876236978,0.024836745984528424,0.3217495135126956
DMC,cation,oxidation,5.0,discovery,same_higher,0.33531364459153595,0.3336975169334888,-0.33531364459153595,-0.3336975169334888,-3.846672372875511e-05,0.0031165808074211233
EC,cation,oxidation,5.0,discovery,distinct_lower,0.20198083356533944,0.1942918204546177,-0.20198083356533944,-0.1942918204546177,-0.009721645838911745,0.10030964047788972
EC,cation,oxidation,7.0,discovery,distinct_lower,0.19746166637699553,0.19179042874088376,-0.19746166637699553,-0.19179042874088376,-0.003980677175181924,0.07904720846049523
EC,cation,oxidation,10.0,discovery,distinct_lower,0.19436070256773433,0.19035167368625258,-0.19436070256773433,-0.19035167368625258,-0.0011033886232247473,0.06664380425549969
EC,cation,oxidation,14.0,discovery,same_higher,0.1923911581062389,0.189804866267973,-0.1923911581062389,-0.189804866267973,-0.00021457443488562462,0.0401967189068076
EC,cation,oxidation,20.0,discovery,same_higher,0.19097050235165478,0.18944100034547928,-0.19097050235165478,-0.18944100034547928,4.2508021967618276e-05,0.020507227546407027
EMC,anion,reduction,5.0,discovery,same_higher,1.9390053448993811,1.802025273921024,-1.9390053448993811,-1.802025273921024,9.143065204854967e-09,5.148652508505518e-07
EMC,anion,reduction,20.0,discovery,distinct_higher,1.9653456858268923,1.6993326896342598,-1.9653456858268923,-1.6993326896342598,0.024024507683440086,0.3069465539521443
EMC,anion,reduction,40.0,discovery,same_higher,1.9407889390201505,1.6771598509607872,-1.9407889390201505,-1.6771598509607872,2.6666629019066084e-09,8.178801835345614e-07
EMC,anion,reduction,80.0,discovery,same_higher,1.9406331188410635,1.6655450948030515,-1.9406331188410635,-1.6655450948030515,6.858458994810848e-09,5.443403470214049e-07
EMC,anion,reduction,200.0,discovery,same_higher,1.9405387073842517,1.6583953378420744,-1.9405387073842517,-1.6583953378420744,-1.0476396655808271e-08,3.2886949560490225e-07
EMC,anion,reduction,1000.0,discovery,same_higher,1.9404974361741498,1.6545360262805462,-1.9404974361741498,-1.6545360262805462,-2.3945828529243738e-08,2.357383699400464e-07
PC,anion,reduction,5.0,discovery,distinct_higher,1.9295752691994918,1.8436172743048396,-1.9295752691994918,-1.8436172743048396,0.006531354124826713,0.47657738075063394
PC,anion,reduction,7.0,discovery,distinct_higher,1.925547925039923,1.8320932514668034,-1.925547925039923,-1.8320932514668034,0.007180428164388885,0.47413917349528373
PC,anion,reduction,10.0,discovery,distinct_higher,1.9172595774481878,1.819165333893057,-1.9172595774481878,-1.819165333893057,0.007649661282287425,0.4724263752968184
PC,anion,reduction,14.0,discovery,distinct_higher,1.9087218428071417,1.8081875502745666,-1.9087218428071417,-1.8081875502745666,0.007960488076258149,0.47210428758115197
PC,anion,reduction,20.0,discovery,distinct_higher,1.9005927123811903,1.79859796771402,-1.9005927123811903,-1.79859796771402,0.008191005062495529,0.4722725363629288
PC,anion,reduction,28.0,discovery,distinct_higher,1.8943157003628706,1.7915283676870557,-1.8943157003628706,-1.7915283676870557,0.008332749365089646,0.4715583375584691
PC,anion,reduction,40.0,discovery,distinct_higher,1.8891623478161876,1.7858555244445486,-1.8891623478161876,-1.7858555244445486,0.008447198550766219,0.4720351222805407
PC,anion,reduction,80.0,discovery,distinct_higher,1.8826690071535488,1.7788318638794096,-1.8826690071535488,-1.7788318638794096,0.008588564612595028,0.4707866859041085
PC,anion,reduction,200.0,discovery,distinct_higher,1.8785171949840873,1.7744043871973492,-1.8785171949840873,-1.7744043871973492,0.008667271805421551,0.47062541062772745
PC,anion,reduction,1000.0,discovery,distinct_higher,1.8762216178970337,1.7719768901248447,-1.8762216178970337,-1.7719768901248447,0.00870928052724334,0.47049957053969693
TEGDME,anion,reduction,20.0,holdout,distinct_lower,2.376429264533266,2.3215253593575644,-2.376429264533266,-2.3215253593575644,-0.06561479508127488,2.214219724561881
TEGDME,anion,reduction,200.0,holdout,distinct_lower,2.4404730726816277,2.427816843273426,-2.4404730726816277,-2.427816843273426,-0.12993632285611717,3.8526982508229617
TMP,cation,oxidation,5.0,discovery,distinct_higher,0.8500579163230924,0.6958478568067004,-0.8500579163230924,-0.6958478568067004,0.0019599657526673782,0.7125467660184424
TMP,cation,oxidation,7.0,discovery,distinct_higher,0.8471877237410089,0.6986350441324196,-0.8471877237410089,-0.6986350441324196,0.001449102427493875,0.7300197238858394
TMP,cation,oxidation,10.0,discovery,distinct_higher,0.8461608357120245,0.7013703639149689,-0.8461608357120245,-0.7013703639149689,0.0017088191652375097,0.7436106320913608
TMP,cation,oxidation,14.0,discovery,distinct_higher,0.8453380098419702,0.7034674367439853,-0.8453380098419702,-0.7034674367439853,0.0015103872876084362,0.7511402453540208
TMP,cation,oxidation,20.0,discovery,distinct_higher,0.8448387150016244,0.7051763933258888,-0.8448387150016244,-0.7051763933258888,0.0013651257510007857,0.7556102006324574
TMP,cation,oxidation,28.0,discovery,distinct_higher,0.8445623981202633,0.7063835979324778,-0.8445623981202633,-0.7063835979324778,0.0012673502324264641,0.7586368387682125
TMP,cation,oxidation,40.0,discovery,distinct_higher,0.8443860625146099,0.7073247016278151,-0.8443860625146099,-0.7073247016278151,0.0011947960796370573,0.7605542984766157
TMP,cation,oxidation,80.0,discovery,distinct_higher,0.8428441526883647,0.7084620678333878,-0.8428441526883647,-0.7084620678333878,-0.0002595628570637431,0.7624082776350559
TMP,cation,oxidation,200.0,discovery,distinct_higher,0.8441328417646018,0.7091643728124938,-0.8441328417646018,-0.7091643728124938,0.0010651257414355888,0.764668400892879
TMP,cation,oxidation,1000.0,discovery,distinct_higher,0.8440937738321317,0.709545481094249,-0.8440937738321317,-0.709545481094249,0.0010396587673353946,0.765278438174083
