mol_id,name,family,role,state,charge,multiplicity,epsilon,arm_set,arm,label,status,start_geometry,input_geometry,relaxed_geometry,n_atoms,start_energy_eh,start_homo_ev,start_lumo_ev,start_hl_gap_ev,relax_energy_eh,relax_homo_ev,relax_lumo_ev,relax_hl_gap_ev,relax_gradient_norm_eh_bohr,opt_converged,scf_converged,normal_termination,qc_flags,seconds,seconds_sp,seconds_opt,xtb_version,source,cached,error
C03,DEC,linear_carbonate,co-solvent,anion,-1,2,5.0,holdout,default,DEC_anion_cpcm_5_default,ok,outputs/week18/orca_relax_default/DEC/DEC_anion_cpcm_5_default.xyz,outputs/week19/xtb_relax/DEC_anion_cpcm_5_default/DEC_anion_cpcm_5_default.xyz,outputs/week19/xtb_relax/DEC_anion_cpcm_5_default/DEC_anion_cpcm_5_default_relaxed.xyz,18,-28.135071563089,-0.5083,5.0866,5.5949,-28.145418168768,-0.9641,5.899,6.8631,0.000544108295,True,True,True,,1.27,0.17,1.11,6.7.1pre,cached,True,
C03,DEC,linear_carbonate,co-solvent,anion,-1,2,5.0,holdout,moread,DEC_anion_cpcm_5_moread,ok,outputs/week18/orca_relax_moread/DEC/DEC_anion_cpcm_5_moread.xyz,outputs/week19/xtb_relax/DEC_anion_cpcm_5_moread/DEC_anion_cpcm_5_moread.xyz,outputs/week19/xtb_relax/DEC_anion_cpcm_5_moread/DEC_anion_cpcm_5_moread_relaxed.xyz,18,-28.134067515767,-0.4929,5.0278,5.5207,-28.146392572511,-0.9868,5.6674,6.6542,0.000607088574,True,True,True,,1.3,0.15,1.15,6.7.1pre,cached,True,
C03,DEC,linear_carbonate,co-solvent,anion,-1,2,20.0,holdout,default,DEC_anion_cpcm_20_default,ok,outputs/week18/orca_relax_default/DEC/DEC_anion_cpcm_20_default.xyz,outputs/week19/xtb_relax/DEC_anion_cpcm_20_default/DEC_anion_cpcm_20_default.xyz,outputs/week19/xtb_relax/DEC_anion_cpcm_20_default/DEC_anion_cpcm_20_default_relaxed.xyz,18,-28.134319559413,-0.4713,4.9956,5.467,-28.145393012492,-0.9682,5.899,6.8672,0.000559945578,True,True,True,,1.13,0.2,0.94,6.7.1pre,cached,True,
C03,DEC,linear_carbonate,co-solvent,anion,-1,2,20.0,holdout,moread,DEC_anion_cpcm_20_moread,ok,outputs/week18/orca_relax_moread/DEC/DEC_anion_cpcm_20_moread.xyz,outputs/week19/xtb_relax/DEC_anion_cpcm_20_moread/DEC_anion_cpcm_20_moread.xyz,outputs/week19/xtb_relax/DEC_anion_cpcm_20_moread/DEC_anion_cpcm_20_moread_relaxed.xyz,18,-28.133278946842,-0.4529,4.9331,5.3859,-28.146391082298,-0.9899,5.6584,6.6483,0.000701041343,True,True,True,,1.33,0.15,1.18,6.7.1pre,cached,True,
C03,DEC,linear_carbonate,co-solvent,anion,-1,2,200.0,holdout,default,DEC_anion_cpcm_200_default,ok,outputs/week18/orca_relax_default/DEC/DEC_anion_cpcm_200_default.xyz,outputs/week19/xtb_relax/DEC_anion_cpcm_200_default/DEC_anion_cpcm_200_default.xyz,outputs/week19/xtb_relax/DEC_anion_cpcm_200_default/DEC_anion_cpcm_200_default_relaxed.xyz,18,-28.134080766707,-0.4598,4.9662,5.426,-28.145397966891,-0.97,5.8967,6.8668,0.000802729209,True,True,True,,1.18,0.18,1.0,6.7.1pre,cached,True,
C03,DEC,linear_carbonate,co-solvent,anion,-1,2,200.0,holdout,moread,DEC_anion_cpcm_200_moread,ok,outputs/week18/orca_relax_moread/DEC/DEC_anion_cpcm_200_moread.xyz,outputs/week19/xtb_relax/DEC_anion_cpcm_200_moread/DEC_anion_cpcm_200_moread.xyz,outputs/week19/xtb_relax/DEC_anion_cpcm_200_moread/DEC_anion_cpcm_200_moread_relaxed.xyz,18,-28.133000642709,-0.4407,4.9007,5.3414,-28.146384404881,-0.9934,5.6621,6.6555,0.000556557628,True,True,True,,0.65,0.12,0.52,6.7.1pre,cached,True,
C01,DMC,linear_carbonate,solvent,cation,1,2,5.0,discovery,default,DMC_cation_cpcm_5_default,ok,outputs/week18/orca_relax_default/DMC/DMC_cation_cpcm_5_default.xyz,outputs/week19/xtb_relax/DMC_cation_cpcm_5_default/DMC_cation_cpcm_5_default.xyz,outputs/week19/xtb_relax/DMC_cation_cpcm_5_default/DMC_cation_cpcm_5_default_relaxed.xyz,12,-21.124417587784,-18.3109,-12.1894,6.1215,-21.149724279638,-17.6662,-11.6568,6.0095,0.000463915865,True,True,True,,0.95,0.24,0.71,6.7.1pre,cached,True,
C01,DMC,linear_carbonate,solvent,cation,1,2,5.0,discovery,moread,DMC_cation_cpcm_5_moread,ok,outputs/week18/orca_relax_moread/DMC/DMC_cation_cpcm_5_moread.xyz,outputs/week19/xtb_relax/DMC_cation_cpcm_5_moread/DMC_cation_cpcm_5_moread.xyz,outputs/week19/xtb_relax/DMC_cation_cpcm_5_moread/DMC_cation_cpcm_5_moread_relaxed.xyz,12,-21.124402647251,-18.3113,-12.1905,6.1208,-21.149725046891,-17.6673,-11.6572,6.0101,0.000655547117,True,True,True,,0.98,0.18,0.8,6.7.1pre,cached,True,
C04,EC,cyclic_carbonate,solvent,cation,1,2,5.0,discovery,default,EC_cation_cpcm_5_default,ok,outputs/week18/orca_relax_default/EC/EC_cation_cpcm_5_default.xyz,outputs/week19/xtb_relax/EC_cation_cpcm_5_default/EC_cation_cpcm_5_default.xyz,outputs/week19/xtb_relax/EC_cation_cpcm_5_default/EC_cation_cpcm_5_default_relaxed.xyz,10,-20.1159525047,-18.399,-12.367,6.032,-20.117657526138,-18.3819,-12.3088,6.073,0.000654431568,True,True,True,,0.54,0.38,0.16,6.7.1pre,cached,True,
C04,EC,cyclic_carbonate,solvent,cation,1,2,5.0,discovery,moread,EC_cation_cpcm_5_moread,ok,outputs/week18/orca_relax_moread/EC/EC_cation_cpcm_5_moread.xyz,outputs/week19/xtb_relax/EC_cation_cpcm_5_moread/EC_cation_cpcm_5_moread.xyz,outputs/week19/xtb_relax/EC_cation_cpcm_5_moread/EC_cation_cpcm_5_moread_relaxed.xyz,10,-20.11568897272,-18.4211,-12.6176,5.8035,-20.117657953991,-18.3827,-12.3116,6.0711,0.000394755449,True,True,True,,0.22,0.08,0.14,6.7.1pre,cached,True,
C04,EC,cyclic_carbonate,solvent,cation,1,2,7.0,discovery,default,EC_cation_cpcm_7_default,ok,outputs/week18/orca_relax_default/EC/EC_cation_cpcm_7_default.xyz,outputs/week19/xtb_relax/EC_cation_cpcm_7_default/EC_cation_cpcm_7_default.xyz,outputs/week19/xtb_relax/EC_cation_cpcm_7_default/EC_cation_cpcm_7_default_relaxed.xyz,10,-20.115916730893,-18.4015,-12.3691,6.0324,-20.117270218034,-18.4136,-12.2102,6.2033,0.000628559908,True,True,True,,0.29,0.11,0.18,6.7.1pre,cached,True,
C04,EC,cyclic_carbonate,solvent,cation,1,2,7.0,discovery,moread,EC_cation_cpcm_7_moread,ok,outputs/week18/orca_relax_moread/EC/EC_cation_cpcm_7_moread.xyz,outputs/week19/xtb_relax/EC_cation_cpcm_7_moread/EC_cation_cpcm_7_moread.xyz,outputs/week19/xtb_relax/EC_cation_cpcm_7_moread/EC_cation_cpcm_7_moread_relaxed.xyz,10,-20.116031946528,-18.4037,-12.5599,5.8438,-20.117657931509,-18.3827,-12.3124,6.0704,0.000369428426,True,True,True,,0.41,0.28,0.13,6.7.1pre,cached,True,
C04,EC,cyclic_carbonate,solvent,cation,1,2,10.0,discovery,default,EC_cation_cpcm_10_default,ok,outputs/week18/orca_relax_default/EC/EC_cation_cpcm_10_default.xyz,outputs/week19/xtb_relax/EC_cation_cpcm_10_default/EC_cation_cpcm_10_default.xyz,outputs/week19/xtb_relax/EC_cation_cpcm_10_default/EC_cation_cpcm_10_default_relaxed.xyz,10,-20.115900242174,-18.4024,-12.3723,6.0301,-20.11765718243,-18.3807,-12.3064,6.0743,0.000973632012,True,True,True,,0.69,0.33,0.36,6.7.1pre,cached,True,
C04,EC,cyclic_carbonate,solvent,cation,1,2,10.0,discovery,moread,EC_cation_cpcm_10_moread,ok,outputs/week18/orca_relax_moread/EC/EC_cation_cpcm_10_moread.xyz,outputs/week19/xtb_relax/EC_cation_cpcm_10_moread/EC_cation_cpcm_10_moread.xyz,outputs/week19/xtb_relax/EC_cation_cpcm_10_moread/EC_cation_cpcm_10_moread_relaxed.xyz,10,-20.116179542746,-18.3933,-12.5115,5.8818,-20.11765749673,-18.3847,-12.3156,6.0691,0.000782158147,True,True,True,,0.63,0.33,0.3,6.7.1pre,cached,True,
C04,EC,cyclic_carbonate,solvent,cation,1,2,14.0,discovery,default,EC_cation_cpcm_14_default,ok,outputs/week18/orca_relax_default/EC/EC_cation_cpcm_14_default.xyz,outputs/week19/xtb_relax/EC_cation_cpcm_14_default/EC_cation_cpcm_14_default.xyz,outputs/week19/xtb_relax/EC_cation_cpcm_14_default/EC_cation_cpcm_14_default_relaxed.xyz,10,-20.115884814228,-18.403,-12.3745,6.0285,-20.117657973248,-18.3818,-12.3111,6.0707,0.000387551324,True,True,True,,0.65,0.3,0.35,6.7.1pre,cached,True,
C04,EC,cyclic_carbonate,solvent,cation,1,2,14.0,discovery,moread,EC_cation_cpcm_14_moread,ok,outputs/week18/orca_relax_moread/EC/EC_cation_cpcm_14_moread.xyz,outputs/week19/xtb_relax/EC_cation_cpcm_14_moread/EC_cation_cpcm_14_moread.xyz,outputs/week19/xtb_relax/EC_cation_cpcm_14_moread/EC_cation_cpcm_14_moread_relaxed.xyz,10,-20.116153361798,-18.3904,-12.4312,5.9592,-20.11765756298,-18.3822,-12.3113,6.0709,0.000495693517,True,True,True,,0.51,0.18,0.34,6.7.1pre,cached,True,
C04,EC,cyclic_carbonate,solvent,cation,1,2,20.0,discovery,default,EC_cation_cpcm_20_default,ok,outputs/week18/orca_relax_default/EC/EC_cation_cpcm_20_default.xyz,outputs/week19/xtb_relax/EC_cation_cpcm_20_default/EC_cation_cpcm_20_default.xyz,outputs/week19/xtb_relax/EC_cation_cpcm_20_default/EC_cation_cpcm_20_default_relaxed.xyz,10,-20.115870748762,-18.4035,-12.3762,6.0273,-20.117657547937,-18.3838,-12.3131,6.0708,0.00075373472,True,True,True,,0.57,0.18,0.38,6.7.1pre,cached,True,
C04,EC,cyclic_carbonate,solvent,cation,1,2,20.0,discovery,moread,EC_cation_cpcm_20_moread,ok,outputs/week18/orca_relax_moread/EC/EC_cation_cpcm_20_moread.xyz,outputs/week19/xtb_relax/EC_cation_cpcm_20_moread/EC_cation_cpcm_20_moread.xyz,outputs/week19/xtb_relax/EC_cation_cpcm_20_moread/EC_cation_cpcm_20_moread_relaxed.xyz,10,-20.115968781242,-18.3986,-12.3915,6.0071,-20.117657716414,-18.3819,-12.3098,6.0721,0.00077617175,True,True,True,,0.57,0.18,0.4,6.7.1pre,cached,True,
C02,EMC,linear_carbonate,solvent,anion,-1,2,5.0,discovery,default,EMC_anion_cpcm_5_default,ok,outputs/week18/orca_relax_default/EMC/EMC_anion_cpcm_5_default.xyz,outputs/week19/xtb_relax/EMC_anion_cpcm_5_default/EMC_anion_cpcm_5_default.xyz,outputs/week19/xtb_relax/EMC_anion_cpcm_5_default/EMC_anion_cpcm_5_default_relaxed.xyz,15,-24.968436250452,-0.48,5.2558,5.7358,-24.979296023871,-0.9908,5.8174,6.8081,0.000718436608,True,True,True,,0.79,0.16,0.63,6.7.1pre,cached,True,
C02,EMC,linear_carbonate,solvent,anion,-1,2,5.0,discovery,moread,EMC_anion_cpcm_5_moread,ok,outputs/week18/orca_relax_moread/EMC/EMC_anion_cpcm_5_moread.xyz,outputs/week19/xtb_relax/EMC_anion_cpcm_5_moread/EMC_anion_cpcm_5_moread.xyz,outputs/week19/xtb_relax/EMC_anion_cpcm_5_moread/EMC_anion_cpcm_5_moread_relaxed.xyz,15,-24.968436251289,-0.48,5.2558,5.7358,-24.979296004688,-0.9907,5.8174,6.8081,0.000714607189,True,True,True,,0.71,0.34,0.37,6.7.1pre,cached,True,
C02,EMC,linear_carbonate,solvent,anion,-1,2,20.0,discovery,default,EMC_anion_cpcm_20_default,ok,outputs/week18/orca_relax_default/EMC/EMC_anion_cpcm_20_default.xyz,outputs/week19/xtb_relax/EMC_anion_cpcm_20_default/EMC_anion_cpcm_20_default.xyz,outputs/week19/xtb_relax/EMC_anion_cpcm_20_default/EMC_anion_cpcm_20_default_relaxed.xyz,15,-24.968583317755,-0.4594,5.2255,5.6849,-24.978810886593,-0.9298,5.9342,6.8639,0.000849513668,True,True,True,,0.43,0.11,0.32,6.7.1pre,cached,True,
C02,EMC,linear_carbonate,solvent,anion,-1,2,20.0,discovery,moread,EMC_anion_cpcm_20_moread,ok,outputs/week18/orca_relax_moread/EMC/EMC_anion_cpcm_20_moread.xyz,outputs/week19/xtb_relax/EMC_anion_cpcm_20_moread/EMC_anion_cpcm_20_moread.xyz,outputs/week19/xtb_relax/EMC_anion_cpcm_20_moread/EMC_anion_cpcm_20_moread_relaxed.xyz,15,-24.967733578708,-0.4413,5.1574,5.5987,-24.979297892927,-0.9915,5.7995,6.791,0.000686981393,True,True,True,,0.48,0.1,0.39,6.7.1pre,cached,True,
C02,EMC,linear_carbonate,solvent,anion,-1,2,40.0,discovery,default,EMC_anion_cpcm_40_default,ok,outputs/week18/orca_relax_default/EMC/EMC_anion_cpcm_40_default.xyz,outputs/week19/xtb_relax/EMC_anion_cpcm_40_default/EMC_anion_cpcm_40_default.xyz,outputs/week19/xtb_relax/EMC_anion_cpcm_40_default/EMC_anion_cpcm_40_default_relaxed.xyz,15,-24.967614823437,-0.4347,5.1394,5.5741,-24.979305659925,-1.0026,5.8278,6.8305,0.000913847123,True,True,True,,0.52,0.13,0.39,6.7.1pre,cached,True,
C02,EMC,linear_carbonate,solvent,anion,-1,2,40.0,discovery,moread,EMC_anion_cpcm_40_moread,ok,outputs/week18/orca_relax_moread/EMC/EMC_anion_cpcm_40_moread.xyz,outputs/week19/xtb_relax/EMC_anion_cpcm_40_moread/EMC_anion_cpcm_40_moread.xyz,outputs/week19/xtb_relax/EMC_anion_cpcm_40_moread/EMC_anion_cpcm_40_moread_relaxed.xyz,15,-24.967614825968,-0.4347,5.1394,5.5741,-24.979307493918,-0.9973,5.8241,6.8214,0.000363014387,True,True,True,,0.55,0.21,0.34,6.7.1pre,cached,True,
C02,EMC,linear_carbonate,solvent,anion,-1,2,80.0,discovery,default,EMC_anion_cpcm_80_default,ok,outputs/week18/orca_relax_default/EMC/EMC_anion_cpcm_80_default.xyz,outputs/week19/xtb_relax/EMC_anion_cpcm_80_default/EMC_anion_cpcm_80_default.xyz,outputs/week19/xtb_relax/EMC_anion_cpcm_80_default/EMC_anion_cpcm_80_default_relaxed.xyz,15,-24.967528796132,-0.4319,5.1275,5.5594,-24.979301312371,-0.9934,5.8136,6.8071,0.000328542427,True,True,True,,0.67,0.26,0.41,6.7.1pre,cached,True,
C02,EMC,linear_carbonate,solvent,anion,-1,2,80.0,discovery,moread,EMC_anion_cpcm_80_moread,ok,outputs/week18/orca_relax_moread/EMC/EMC_anion_cpcm_80_moread.xyz,outputs/week19/xtb_relax/EMC_anion_cpcm_80_moread/EMC_anion_cpcm_80_moread.xyz,outputs/week19/xtb_relax/EMC_anion_cpcm_80_moread/EMC_anion_cpcm_80_moread_relaxed.xyz,15,-24.967528797039,-0.4319,5.1275,5.5594,-24.979301790644,-0.9902,5.8059,6.796,0.000413553427,True,True,True,,0.62,0.26,0.37,6.7.1pre,cached,True,
C02,EMC,linear_carbonate,solvent,anion,-1,2,200.0,discovery,default,EMC_anion_cpcm_200_default,ok,outputs/week18/orca_relax_default/EMC/EMC_anion_cpcm_200_default.xyz,outputs/week19/xtb_relax/EMC_anion_cpcm_200_default/EMC_anion_cpcm_200_default.xyz,outputs/week19/xtb_relax/EMC_anion_cpcm_200_default/EMC_anion_cpcm_200_default_relaxed.xyz,15,-24.967491171121,-0.4296,5.1231,5.5527,-24.979297633722,-0.9888,5.7913,6.7801,0.000813566663,True,True,True,,0.46,0.06,0.4,6.7.1pre,cached,True,
C02,EMC,linear_carbonate,solvent,anion,-1,2,200.0,discovery,moread,EMC_anion_cpcm_200_moread,ok,outputs/week18/orca_relax_moread/EMC/EMC_anion_cpcm_200_moread.xyz,outputs/week19/xtb_relax/EMC_anion_cpcm_200_moread/EMC_anion_cpcm_200_moread.xyz,outputs/week19/xtb_relax/EMC_anion_cpcm_200_moread/EMC_anion_cpcm_200_moread_relaxed.xyz,15,-24.967491170296,-0.4296,5.1231,5.5527,-24.979297985899,-0.9895,5.7919,6.7814,0.000792555073,True,True,True,,0.5,0.13,0.37,6.7.1pre,cached,True,
C02,EMC,linear_carbonate,solvent,anion,-1,2,1000.0,discovery,default,EMC_anion_cpcm_1000_default,ok,outputs/week18/orca_relax_default/EMC/EMC_anion_cpcm_1000_default.xyz,outputs/week19/xtb_relax/EMC_anion_cpcm_1000_default/EMC_anion_cpcm_1000_default.xyz,outputs/week19/xtb_relax/EMC_anion_cpcm_1000_default/EMC_anion_cpcm_1000_default_relaxed.xyz,15,-24.967457434653,-0.4289,5.118,5.5468,-24.979293432409,-0.9893,5.786,6.7754,0.000850807956,True,True,True,,0.52,0.13,0.39,6.7.1pre,cached,True,
C02,EMC,linear_carbonate,solvent,anion,-1,2,1000.0,discovery,moread,EMC_anion_cpcm_1000_moread,ok,outputs/week18/orca_relax_moread/EMC/EMC_anion_cpcm_1000_moread.xyz,outputs/week19/xtb_relax/EMC_anion_cpcm_1000_moread/EMC_anion_cpcm_1000_moread.xyz,outputs/week19/xtb_relax/EMC_anion_cpcm_1000_moread/EMC_anion_cpcm_1000_moread_relaxed.xyz,15,-24.967457432949,-0.4289,5.118,5.5468,-24.979303785206,-0.9871,5.8037,6.7908,0.000836015021,True,True,True,,0.51,0.13,0.39,6.7.1pre,cached,True,
C05,PC,cyclic_carbonate,co-solvent,anion,-1,2,5.0,discovery,default,PC_anion_cpcm_5_default,ok,outputs/week18/orca_relax_default/PC/PC_anion_cpcm_5_default.xyz,outputs/week19/xtb_relax/PC_anion_cpcm_5_default/PC_anion_cpcm_5_default.xyz,outputs/week19/xtb_relax/PC_anion_cpcm_5_default/PC_anion_cpcm_5_default_relaxed.xyz,13,-23.967636056191,-0.8158,4.8817,5.6974,-23.972715420694,-1.1048,5.2787,6.3835,0.000604834471,True,True,True,,0.71,0.16,0.55,6.7.1pre,cached,True,
C05,PC,cyclic_carbonate,co-solvent,anion,-1,2,5.0,discovery,moread,PC_anion_cpcm_5_moread,ok,outputs/week18/orca_relax_moread/PC/PC_anion_cpcm_5_moread.xyz,outputs/week19/xtb_relax/PC_anion_cpcm_5_moread/PC_anion_cpcm_5_moread.xyz,outputs/week19/xtb_relax/PC_anion_cpcm_5_moread/PC_anion_cpcm_5_moread_relaxed.xyz,13,-23.967291765373,-0.8032,4.9468,5.75,-23.973932919384,-1.1473,5.3659,6.5132,0.000688526531,True,True,True,,0.56,0.14,0.42,6.7.1pre,cached,True,
C05,PC,cyclic_carbonate,co-solvent,anion,-1,2,7.0,discovery,default,PC_anion_cpcm_7_default,ok,outputs/week18/orca_relax_default/PC/PC_anion_cpcm_7_default.xyz,outputs/week19/xtb_relax/PC_anion_cpcm_7_default/PC_anion_cpcm_7_default.xyz,outputs/week19/xtb_relax/PC_anion_cpcm_7_default/PC_anion_cpcm_7_default_relaxed.xyz,13,-23.967394996245,-0.7873,4.8727,5.66,-23.97271631545,-1.1051,5.2767,6.3818,0.000714099725,True,True,True,,0.65,0.33,0.31,6.7.1pre,cached,True,
C05,PC,cyclic_carbonate,co-solvent,anion,-1,2,7.0,discovery,moread,PC_anion_cpcm_7_moread,ok,outputs/week18/orca_relax_moread/PC/PC_anion_cpcm_7_moread.xyz,outputs/week19/xtb_relax/PC_anion_cpcm_7_moread/PC_anion_cpcm_7_moread.xyz,outputs/week19/xtb_relax/PC_anion_cpcm_7_moread/PC_anion_cpcm_7_moread_relaxed.xyz,13,-23.967029960768,-0.7737,4.9362,5.7099,-23.973929446408,-1.1515,5.3668,6.5183,0.000694977855,True,True,True,,0.55,0.28,0.27,6.7.1pre,cached,True,
C05,PC,cyclic_carbonate,co-solvent,anion,-1,2,10.0,discovery,default,PC_anion_cpcm_10_default,ok,outputs/week18/orca_relax_default/PC/PC_anion_cpcm_10_default.xyz,outputs/week19/xtb_relax/PC_anion_cpcm_10_default/PC_anion_cpcm_10_default.xyz,outputs/week19/xtb_relax/PC_anion_cpcm_10_default/PC_anion_cpcm_10_default_relaxed.xyz,13,-23.967169966666,-0.7645,4.8589,5.6234,-23.972716456896,-1.1031,5.2781,6.3811,0.00033282284,True,True,True,,0.68,0.37,0.31,6.7.1pre,cached,True,
C05,PC,cyclic_carbonate,co-solvent,anion,-1,2,10.0,discovery,moread,PC_anion_cpcm_10_moread,ok,outputs/week18/orca_relax_moread/PC/PC_anion_cpcm_10_moread.xyz,outputs/week19/xtb_relax/PC_anion_cpcm_10_moread/PC_anion_cpcm_10_moread.xyz,outputs/week19/xtb_relax/PC_anion_cpcm_10_moread/PC_anion_cpcm_10_moread_relaxed.xyz,13,-23.9668104866,-0.7525,4.9219,5.6743,-23.973931496379,-1.1475,5.3645,6.512,0.000554313554,True,True,True,,0.4,0.11,0.29,6.7.1pre,cached,True,
C05,PC,cyclic_carbonate,co-solvent,anion,-1,2,14.0,discovery,default,PC_anion_cpcm_14_default,ok,outputs/week18/orca_relax_default/PC/PC_anion_cpcm_14_default.xyz,outputs/week19/xtb_relax/PC_anion_cpcm_14_default/PC_anion_cpcm_14_default.xyz,outputs/week19/xtb_relax/PC_anion_cpcm_14_default/PC_anion_cpcm_14_default_relaxed.xyz,13,-23.967017596927,-0.7504,4.8467,5.5971,-23.97271774061,-1.1023,5.2784,6.3807,0.00040901052,True,True,True,,0.44,0.1,0.35,6.7.1pre,cached,True,
C05,PC,cyclic_carbonate,co-solvent,anion,-1,2,14.0,discovery,moread,PC_anion_cpcm_14_moread,ok,outputs/week18/orca_relax_moread/PC/PC_anion_cpcm_14_moread.xyz,outputs/week19/xtb_relax/PC_anion_cpcm_14_moread/PC_anion_cpcm_14_moread.xyz,outputs/week19/xtb_relax/PC_anion_cpcm_14_moread/PC_anion_cpcm_14_moread_relaxed.xyz,13,-23.966646140361,-0.7371,4.9102,5.6474,-23.973933738249,-1.1447,5.3652,6.5099,0.000495972092,True,True,True,,0.37,0.11,0.25,6.7.1pre,cached,True,
C05,PC,cyclic_carbonate,co-solvent,anion,-1,2,20.0,discovery,default,PC_anion_cpcm_20_default,ok,outputs/week18/orca_relax_default/PC/PC_anion_cpcm_20_default.xyz,outputs/week19/xtb_relax/PC_anion_cpcm_20_default/PC_anion_cpcm_20_default.xyz,outputs/week19/xtb_relax/PC_anion_cpcm_20_default/PC_anion_cpcm_20_default_relaxed.xyz,13,-23.966887446679,-0.7387,4.8363,5.575,-23.972718170137,-1.1026,5.2782,6.3808,0.000414379619,True,True,True,,0.71,0.21,0.5,6.7.1pre,cached,True,
C05,PC,cyclic_carbonate,co-solvent,anion,-1,2,20.0,discovery,moread,PC_anion_cpcm_20_moread,ok,outputs/week18/orca_relax_moread/PC/PC_anion_cpcm_20_moread.xyz,outputs/week19/xtb_relax/PC_anion_cpcm_20_moread/PC_anion_cpcm_20_moread.xyz,outputs/week19/xtb_relax/PC_anion_cpcm_20_moread/PC_anion_cpcm_20_moread_relaxed.xyz,13,-23.966523854786,-0.7262,4.8992,5.6255,-23.97393366239,-1.1448,5.3649,6.5097,0.000501871471,True,True,True,,0.66,0.18,0.48,6.7.1pre,cached,True,
C05,PC,cyclic_carbonate,co-solvent,anion,-1,2,28.0,discovery,default,PC_anion_cpcm_28_default,ok,outputs/week18/orca_relax_default/PC/PC_anion_cpcm_28_default.xyz,outputs/week19/xtb_relax/PC_anion_cpcm_28_default/PC_anion_cpcm_28_default.xyz,outputs/week19/xtb_relax/PC_anion_cpcm_28_default/PC_anion_cpcm_28_default_relaxed.xyz,13,-23.96679273961,-0.7304,4.8267,5.557,-23.972713174923,-1.0994,5.281,6.3804,0.000685926633,True,True,True,,0.58,0.11,0.47,6.7.1pre,cached,True,
C05,PC,cyclic_carbonate,co-solvent,anion,-1,2,28.0,discovery,moread,PC_anion_cpcm_28_moread,ok,outputs/week18/orca_relax_moread/PC/PC_anion_cpcm_28_moread.xyz,outputs/week19/xtb_relax/PC_anion_cpcm_28_moread/PC_anion_cpcm_28_moread.xyz,outputs/week19/xtb_relax/PC_anion_cpcm_28_moread/PC_anion_cpcm_28_moread_relaxed.xyz,13,-23.966429426201,-0.7187,4.8924,5.6111,-23.973933566408,-1.1448,5.3647,6.5095,0.000514821053,True,True,True,,0.66,0.33,0.32,6.7.1pre,cached,True,
C05,PC,cyclic_carbonate,co-solvent,anion,-1,2,40.0,discovery,default,PC_anion_cpcm_40_default,ok,outputs/week18/orca_relax_default/PC/PC_anion_cpcm_40_default.xyz,outputs/week19/xtb_relax/PC_anion_cpcm_40_default/PC_anion_cpcm_40_default.xyz,outputs/week19/xtb_relax/PC_anion_cpcm_40_default/PC_anion_cpcm_40_default_relaxed.xyz,13,-23.966723946396,-0.7247,4.8205,5.5452,-23.972716743015,-1.1032,5.2747,6.3778,0.000738263054,True,True,True,,0.71,0.39,0.32,6.7.1pre,cached,True,
C05,PC,cyclic_carbonate,co-solvent,anion,-1,2,40.0,discovery,moread,PC_anion_cpcm_40_moread,ok,outputs/week18/orca_relax_moread/PC/PC_anion_cpcm_40_moread.xyz,outputs/week19/xtb_relax/PC_anion_cpcm_40_moread/PC_anion_cpcm_40_moread.xyz,outputs/week19/xtb_relax/PC_anion_cpcm_40_moread/PC_anion_cpcm_40_moread_relaxed.xyz,13,-23.966365527685,-0.7132,4.8854,5.5986,-23.973933545406,-1.1449,5.3646,6.5095,0.000507130854,True,True,True,,0.65,0.33,0.32,6.7.1pre,cached,True,
C05,PC,cyclic_carbonate,co-solvent,anion,-1,2,80.0,discovery,default,PC_anion_cpcm_80_default,ok,outputs/week18/orca_relax_default/PC/PC_anion_cpcm_80_default.xyz,outputs/week19/xtb_relax/PC_anion_cpcm_80_default/PC_anion_cpcm_80_default.xyz,outputs/week19/xtb_relax/PC_anion_cpcm_80_default/PC_anion_cpcm_80_default_relaxed.xyz,13,-23.96664675019,-0.7192,4.8165,5.5357,-23.972720394819,-1.104,5.2742,6.3782,0.00056705148,True,True,True,,0.71,0.34,0.37,6.7.1pre,cached,True,
C05,PC,cyclic_carbonate,co-solvent,anion,-1,2,80.0,discovery,moread,PC_anion_cpcm_80_moread,ok,outputs/week18/orca_relax_moread/PC/PC_anion_cpcm_80_moread.xyz,outputs/week19/xtb_relax/PC_anion_cpcm_80_moread/PC_anion_cpcm_80_moread.xyz,outputs/week19/xtb_relax/PC_anion_cpcm_80_moread/PC_anion_cpcm_80_moread_relaxed.xyz,13,-23.966282691431,-0.7066,4.8778,5.5844,-23.97393349375,-1.145,5.3645,6.5095,0.000503341734,True,True,True,,0.63,0.33,0.3,6.7.1pre,cached,True,
C05,PC,cyclic_carbonate,co-solvent,anion,-1,2,200.0,discovery,default,PC_anion_cpcm_200_default,ok,outputs/week18/orca_relax_default/PC/PC_anion_cpcm_200_default.xyz,outputs/week19/xtb_relax/PC_anion_cpcm_200_default/PC_anion_cpcm_200_default.xyz,outputs/week19/xtb_relax/PC_anion_cpcm_200_default/PC_anion_cpcm_200_default_relaxed.xyz,13,-23.966596451947,-0.7151,4.8119,5.527,-23.972719339687,-1.1001,5.2774,6.3775,0.000861874559,True,True,True,,0.76,0.14,0.62,6.7.1pre,cached,True,
C05,PC,cyclic_carbonate,co-solvent,anion,-1,2,200.0,discovery,moread,PC_anion_cpcm_200_moread,ok,outputs/week18/orca_relax_moread/PC/PC_anion_cpcm_200_moread.xyz,outputs/week19/xtb_relax/PC_anion_cpcm_200_moread/PC_anion_cpcm_200_moread.xyz,outputs/week19/xtb_relax/PC_anion_cpcm_200_moread/PC_anion_cpcm_200_moread_relaxed.xyz,13,-23.96623180313,-0.7027,4.873,5.5757,-23.97393346697,-1.1451,5.3644,6.5095,0.000498984008,True,True,True,,0.75,0.15,0.61,6.7.1pre,cached,True,
C05,PC,cyclic_carbonate,co-solvent,anion,-1,2,1000.0,discovery,default,PC_anion_cpcm_1000_default,ok,outputs/week18/orca_relax_default/PC/PC_anion_cpcm_1000_default.xyz,outputs/week19/xtb_relax/PC_anion_cpcm_1000_default/PC_anion_cpcm_1000_default.xyz,outputs/week19/xtb_relax/PC_anion_cpcm_1000_default/PC_anion_cpcm_1000_default_relaxed.xyz,13,-23.966569367479,-0.7129,4.8094,5.5223,-23.972717640829,-1.1016,5.2795,6.3811,0.000925908425,True,True,True,,0.76,0.14,0.62,6.7.1pre,cached,True,
C05,PC,cyclic_carbonate,co-solvent,anion,-1,2,1000.0,discovery,moread,PC_anion_cpcm_1000_moread,ok,outputs/week18/orca_relax_moread/PC/PC_anion_cpcm_1000_moread.xyz,outputs/week19/xtb_relax/PC_anion_cpcm_1000_moread/PC_anion_cpcm_1000_moread.xyz,outputs/week19/xtb_relax/PC_anion_cpcm_1000_moread/PC_anion_cpcm_1000_moread_relaxed.xyz,13,-23.966204303173,-0.7006,4.8704,5.571,-23.973933455845,-1.1451,5.3644,6.5095,0.000495506497,True,True,True,,0.54,0.1,0.44,6.7.1pre,cached,True,
C10,TEGDME,ether,co-solvent,anion,-1,2,20.0,holdout,default,TEGDME_anion_cpcm_20_default,ok,outputs/week18/orca_relax_default/TEGDME/TEGDME_anion_cpcm_20_default.xyz,outputs/week19/xtb_relax/TEGDME_anion_cpcm_20_default/TEGDME_anion_cpcm_20_default.xyz,outputs/week19/xtb_relax/TEGDME_anion_cpcm_20_default/TEGDME_anion_cpcm_20_default_relaxed.xyz,37,-52.98792974982,-3.8704,1.3653,5.2358,-53.025932651152,-3.2944,1.6169,4.9113,0.000835321352,True,True,True,,3.45,0.43,3.02,6.7.1pre,cached,True,
C10,TEGDME,ether,co-solvent,anion,-1,2,20.0,holdout,moread,TEGDME_anion_cpcm_20_moread,ok,outputs/week18/orca_relax_moread/TEGDME/TEGDME_anion_cpcm_20_moread.xyz,outputs/week19/xtb_relax/TEGDME_anion_cpcm_20_moread/TEGDME_anion_cpcm_20_moread.xyz,outputs/week19/xtb_relax/TEGDME_anion_cpcm_20_moread/TEGDME_anion_cpcm_20_moread_relaxed.xyz,37,-52.989130373109,-3.9049,1.4586,5.3635,-53.021969441313,-5.3991,1.2398,6.6389,0.000778195253,True,True,True,,3.12,0.34,2.78,6.7.1pre,cached,True,
C10,TEGDME,ether,co-solvent,anion,-1,2,200.0,holdout,default,TEGDME_anion_cpcm_200_default,ok,outputs/week18/orca_relax_default/TEGDME/TEGDME_anion_cpcm_200_default.xyz,outputs/week19/xtb_relax/TEGDME_anion_cpcm_200_default/TEGDME_anion_cpcm_200_default.xyz,outputs/week19/xtb_relax/TEGDME_anion_cpcm_200_default/TEGDME_anion_cpcm_200_default_relaxed.xyz,37,-52.984204107732,-3.8718,1.3347,5.2065,-53.032085507051,-3.5659,2.348,5.9139,0.00062757097,True,True,True,,2.97,0.46,2.5,6.7.1pre,cached,True,
C10,TEGDME,ether,co-solvent,anion,-1,2,200.0,holdout,moread,TEGDME_anion_cpcm_200_moread,ok,outputs/week18/orca_relax_moread/TEGDME/TEGDME_anion_cpcm_200_moread.xyz,outputs/week19/xtb_relax/TEGDME_anion_cpcm_200_moread/TEGDME_anion_cpcm_200_moread.xyz,outputs/week19/xtb_relax/TEGDME_anion_cpcm_200_moread/TEGDME_anion_cpcm_200_moread_relaxed.xyz,37,-52.996851428581,-3.9451,1.8795,5.8247,-53.021292242716,-4.9765,2.257,7.2335,0.000950553217,True,True,True,,1.7,0.24,1.46,6.7.1pre,cached,True,
C17,TMP,phosphate,additive,cation,1,2,5.0,discovery,default,TMP_cation_cpcm_5_default,ok,outputs/week18/orca_relax_default/TMP/TMP_cation_cpcm_5_default.xyz,outputs/week19/xtb_relax/TMP_cation_cpcm_5_default/TMP_cation_cpcm_5_default.xyz,outputs/week19/xtb_relax/TMP_cation_cpcm_5_default/TMP_cation_cpcm_5_default_relaxed.xyz,17,-29.382461654315,-17.0182,-7.8492,9.169,-29.40013324591,-16.7002,-7.0214,9.6788,0.000612851747,True,True,True,,0.89,0.16,0.73,6.7.1pre,cached,True,
C17,TMP,phosphate,additive,cation,1,2,5.0,discovery,moread,TMP_cation_cpcm_5_moread,ok,outputs/week18/orca_relax_moread/TMP/TMP_cation_cpcm_5_moread.xyz,outputs/week19/xtb_relax/TMP_cation_cpcm_5_moread/TMP_cation_cpcm_5_moread.xyz,outputs/week19/xtb_relax/TMP_cation_cpcm_5_moread/TMP_cation_cpcm_5_moread_relaxed.xyz,17,-29.382455102628,-17.0245,-7.8523,9.1722,-29.400135472921,-16.7005,-7.0257,9.6748,0.000790485416,True,True,True,,0.92,0.26,0.66,6.7.1pre,cached,True,
C17,TMP,phosphate,additive,cation,1,2,7.0,discovery,default,TMP_cation_cpcm_7_default,ok,outputs/week18/orca_relax_default/TMP/TMP_cation_cpcm_7_default.xyz,outputs/week19/xtb_relax/TMP_cation_cpcm_7_default/TMP_cation_cpcm_7_default.xyz,outputs/week19/xtb_relax/TMP_cation_cpcm_7_default/TMP_cation_cpcm_7_default_relaxed.xyz,17,-29.382477408126,-17.0215,-7.8497,9.1718,-29.400138347878,-16.7007,-7.0244,9.6763,0.000897426438,True,True,True,,0.82,0.24,0.58,6.7.1pre,cached,True,
C17,TMP,phosphate,additive,cation,1,2,7.0,discovery,moread,TMP_cation_cpcm_7_moread,ok,outputs/week18/orca_relax_moread/TMP/TMP_cation_cpcm_7_moread.xyz,outputs/week19/xtb_relax/TMP_cation_cpcm_7_moread/TMP_cation_cpcm_7_moread.xyz,outputs/week19/xtb_relax/TMP_cation_cpcm_7_moread/TMP_cation_cpcm_7_moread_relaxed.xyz,17,-29.382418905976,-17.0308,-7.8618,9.1691,-29.400143696958,-16.6996,-7.0221,9.6775,0.000712350434,True,True,True,,0.87,0.24,0.63,6.7.1pre,cached,True,
C17,TMP,phosphate,additive,cation,1,2,10.0,discovery,default,TMP_cation_cpcm_10_default,ok,outputs/week18/orca_relax_default/TMP/TMP_cation_cpcm_10_default.xyz,outputs/week19/xtb_relax/TMP_cation_cpcm_10_default/TMP_cation_cpcm_10_default.xyz,outputs/week19/xtb_relax/TMP_cation_cpcm_10_default/TMP_cation_cpcm_10_default_relaxed.xyz,17,-29.382556492814,-17.0286,-7.8645,9.1641,-29.400146997896,-16.6997,-7.0252,9.6745,0.000861655455,True,True,True,,0.97,0.17,0.8,6.7.1pre,cached,True,
C17,TMP,phosphate,additive,cation,1,2,10.0,discovery,moread,TMP_cation_cpcm_10_moread,ok,outputs/week18/orca_relax_moread/TMP/TMP_cation_cpcm_10_moread.xyz,outputs/week19/xtb_relax/TMP_cation_cpcm_10_moread/TMP_cation_cpcm_10_moread.xyz,outputs/week19/xtb_relax/TMP_cation_cpcm_10_moread/TMP_cation_cpcm_10_moread_relaxed.xyz,17,-29.382395340456,-17.0346,-7.8704,9.1642,-29.400139157894,-16.6998,-7.0236,9.6763,0.000910149479,True,True,True,,0.83,0.12,0.71,6.7.1pre,cached,True,
C17,TMP,phosphate,additive,cation,1,2,14.0,discovery,default,TMP_cation_cpcm_14_default,ok,outputs/week18/orca_relax_default/TMP/TMP_cation_cpcm_14_default.xyz,outputs/week19/xtb_relax/TMP_cation_cpcm_14_default/TMP_cation_cpcm_14_default.xyz,outputs/week19/xtb_relax/TMP_cation_cpcm_14_default/TMP_cation_cpcm_14_default_relaxed.xyz,17,-29.382563663073,-17.0299,-7.8693,9.1606,-29.400149888613,-16.6991,-7.0218,9.6773,0.000647463025,True,True,True,,1.17,0.34,0.83,6.7.1pre,cached,True,
C17,TMP,phosphate,additive,cation,1,2,14.0,discovery,moread,TMP_cation_cpcm_14_moread,ok,outputs/week18/orca_relax_moread/TMP/TMP_cation_cpcm_14_moread.xyz,outputs/week19/xtb_relax/TMP_cation_cpcm_14_moread/TMP_cation_cpcm_14_moread.xyz,outputs/week19/xtb_relax/TMP_cation_cpcm_14_moread/TMP_cation_cpcm_14_moread_relaxed.xyz,17,-29.38238780651,-17.036,-7.8747,9.1613,-29.400148049268,-16.7007,-7.0257,9.675,0.00077539885,True,True,True,,1.14,0.37,0.78,6.7.1pre,cached,True,
C17,TMP,phosphate,additive,cation,1,2,20.0,discovery,default,TMP_cation_cpcm_20_default,ok,outputs/week18/orca_relax_default/TMP/TMP_cation_cpcm_20_default.xyz,outputs/week19/xtb_relax/TMP_cation_cpcm_20_default/TMP_cation_cpcm_20_default.xyz,outputs/week19/xtb_relax/TMP_cation_cpcm_20_default/TMP_cation_cpcm_20_default_relaxed.xyz,17,-29.382566512563,-17.0308,-7.8728,9.1581,-29.400150304468,-16.6995,-7.0242,9.6753,0.000555291227,True,True,True,,1.26,0.42,0.84,6.7.1pre,cached,True,
C17,TMP,phosphate,additive,cation,1,2,20.0,discovery,moread,TMP_cation_cpcm_20_moread,ok,outputs/week18/orca_relax_moread/TMP/TMP_cation_cpcm_20_moread.xyz,outputs/week19/xtb_relax/TMP_cation_cpcm_20_moread/TMP_cation_cpcm_20_moread.xyz,outputs/week19/xtb_relax/TMP_cation_cpcm_20_moread/TMP_cation_cpcm_20_moread_relaxed.xyz,17,-29.38239238205,-17.0367,-7.8775,9.1592,-29.400151186414,-16.6994,-7.0251,9.6743,0.000775030526,True,True,True,,0.97,0.29,0.68,6.7.1pre,cached,True,
C17,TMP,phosphate,additive,cation,1,2,28.0,discovery,default,TMP_cation_cpcm_28_default,ok,outputs/week18/orca_relax_default/TMP/TMP_cation_cpcm_28_default.xyz,outputs/week19/xtb_relax/TMP_cation_cpcm_28_default/TMP_cation_cpcm_28_default.xyz,outputs/week19/xtb_relax/TMP_cation_cpcm_28_default/TMP_cation_cpcm_28_default_relaxed.xyz,17,-29.382568599731,-17.0315,-7.8752,9.1563,-29.400145239968,-16.7,-7.0239,9.676,0.000573094071,True,True,True,,0.87,0.26,0.61,6.7.1pre,cached,True,
C17,TMP,phosphate,additive,cation,1,2,28.0,discovery,moread,TMP_cation_cpcm_28_moread,ok,outputs/week18/orca_relax_moread/TMP/TMP_cation_cpcm_28_moread.xyz,outputs/week19/xtb_relax/TMP_cation_cpcm_28_moread/TMP_cation_cpcm_28_moread.xyz,outputs/week19/xtb_relax/TMP_cation_cpcm_28_moread/TMP_cation_cpcm_28_moread_relaxed.xyz,17,-29.382400976582,-17.037,-7.8793,9.1577,-29.400151949764,-16.6992,-7.0259,9.6733,0.000555289338,True,True,True,,1.29,0.49,0.8,6.7.1pre,cached,True,
C17,TMP,phosphate,additive,cation,1,2,40.0,discovery,default,TMP_cation_cpcm_40_default,ok,outputs/week18/orca_relax_default/TMP/TMP_cation_cpcm_40_default.xyz,outputs/week19/xtb_relax/TMP_cation_cpcm_40_default/TMP_cation_cpcm_40_default.xyz,outputs/week19/xtb_relax/TMP_cation_cpcm_40_default/TMP_cation_cpcm_40_default_relaxed.xyz,17,-29.3825711303,-17.0319,-7.877,9.1549,-29.400141646104,-16.7,-7.0239,9.6761,0.000641477992,True,True,True,,1.45,0.52,0.93,6.7.1pre,cached,True,
C17,TMP,phosphate,additive,cation,1,2,40.0,discovery,moread,TMP_cation_cpcm_40_moread,ok,outputs/week18/orca_relax_moread/TMP/TMP_cation_cpcm_40_moread.xyz,outputs/week19/xtb_relax/TMP_cation_cpcm_40_moread/TMP_cation_cpcm_40_moread.xyz,outputs/week19/xtb_relax/TMP_cation_cpcm_40_moread/TMP_cation_cpcm_40_moread_relaxed.xyz,17,-29.382399814484,-17.0373,-7.8804,9.157,-29.400149469102,-16.6997,-7.0243,9.6755,0.000928289333,True,True,True,,1.16,0.16,0.99,6.7.1pre,cached,True,
C17,TMP,phosphate,additive,cation,1,2,80.0,discovery,default,TMP_cation_cpcm_80_default,ok,outputs/week18/orca_relax_default/TMP/TMP_cation_cpcm_80_default.xyz,outputs/week19/xtb_relax/TMP_cation_cpcm_80_default/TMP_cation_cpcm_80_default.xyz,outputs/week19/xtb_relax/TMP_cation_cpcm_80_default/TMP_cation_cpcm_80_default_relaxed.xyz,17,-29.38226694319,-17.0352,-7.8715,9.1637,-29.40014711415,-16.6998,-7.0255,9.6743,0.000736102244,True,True,True,,1.07,0.19,0.88,6.7.1pre,cached,True,
C17,TMP,phosphate,additive,cation,1,2,80.0,discovery,moread,TMP_cation_cpcm_80_moread,ok,outputs/week18/orca_relax_moread/TMP/TMP_cation_cpcm_80_moread.xyz,outputs/week19/xtb_relax/TMP_cation_cpcm_80_moread/TMP_cation_cpcm_80_moread.xyz,outputs/week19/xtb_relax/TMP_cation_cpcm_80_moread/TMP_cation_cpcm_80_moread_relaxed.xyz,17,-29.382410708541,-17.0375,-7.8818,9.1557,-29.400150818281,-16.6993,-7.0268,9.6725,0.000957157496,True,True,True,,0.9,0.13,0.78,6.7.1pre,cached,True,
C17,TMP,phosphate,additive,cation,1,2,200.0,discovery,default,TMP_cation_cpcm_200_default,ok,outputs/week18/orca_relax_default/TMP/TMP_cation_cpcm_200_default.xyz,outputs/week19/xtb_relax/TMP_cation_cpcm_200_default/TMP_cation_cpcm_200_default.xyz,outputs/week19/xtb_relax/TMP_cation_cpcm_200_default/TMP_cation_cpcm_200_default_relaxed.xyz,17,-29.382575124661,-17.0327,-7.8801,9.1526,-29.400150584944,-16.6997,-7.0235,9.6762,0.000755269905,True,True,True,,1.42,0.36,1.06,6.7.1pre,cached,True,
C17,TMP,phosphate,additive,cation,1,2,200.0,discovery,moread,TMP_cation_cpcm_200_moread,ok,outputs/week18/orca_relax_moread/TMP/TMP_cation_cpcm_200_moread.xyz,outputs/week19/xtb_relax/TMP_cation_cpcm_200_moread/TMP_cation_cpcm_200_moread.xyz,outputs/week19/xtb_relax/TMP_cation_cpcm_200_moread/TMP_cation_cpcm_200_moread_relaxed.xyz,17,-29.382414483821,-17.0377,-7.8827,9.155,-29.400150987835,-16.6993,-7.0269,9.6724,0.000946409557,True,True,True,,1.37,0.4,0.98,6.7.1pre,cached,True,
C17,TMP,phosphate,additive,cation,1,2,1000.0,discovery,default,TMP_cation_cpcm_1000_default,ok,outputs/week18/orca_relax_default/TMP/TMP_cation_cpcm_1000_default.xyz,outputs/week19/xtb_relax/TMP_cation_cpcm_1000_default/TMP_cation_cpcm_1000_default.xyz,outputs/week19/xtb_relax/TMP_cation_cpcm_1000_default/TMP_cation_cpcm_1000_default_relaxed.xyz,17,-29.382575818246,-17.0329,-7.8808,9.1521,-29.400149741278,-16.6995,-7.0274,9.6721,0.00050164039,True,True,True,,1.52,0.74,0.77,6.7.1pre,cached,True,
C17,TMP,phosphate,additive,cation,1,2,1000.0,discovery,moread,TMP_cation_cpcm_1000_moread,ok,outputs/week18/orca_relax_moread/TMP/TMP_cation_cpcm_1000_moread.xyz,outputs/week19/xtb_relax/TMP_cation_cpcm_1000_moread/TMP_cation_cpcm_1000_moread.xyz,outputs/week19/xtb_relax/TMP_cation_cpcm_1000_moread/TMP_cation_cpcm_1000_moread_relaxed.xyz,17,-29.382417377793,-17.0378,-7.8831,9.1547,-29.400151029724,-16.6992,-7.0271,9.6721,0.000921717266,True,True,True,,0.9,0.15,0.74,6.7.1pre,cached,True,
