population,rung,rung_label,axis,epsilon,n,n_molecules,names,shift_mean_ev,shift_std_ev,shift_std_pop_ev,shift_min_ev,shift_max_ev,relative_dispersion,kendall_tau_b,overlap_20,f_unresolved_before,f_unresolved_after,f_robust_inv,rank_metrics
ox_dmc_ec_tmp_eps5,P0_to_P1,电子结构方法：Koopmans P0 -> r2SCAN-3c P1,oxidation,5,3,3,DMC;EC;TMP,-1.6610291569769504,0.17341811750243474,0.14159530001166062,-1.8466877720227775,-1.503222911448793,0.10440401769831258,,,,,,omitted: n_molecules=3 < 5
ox_dmc_ec_tmp_eps5,P1_to_P2,环境：气相 P1 -> SMD(乙腈) P2,oxidation,5,3,3,DMC;EC;TMP,-2.346061388104358,0.39841183908861605,0.32530190441698237,-2.70846222238443,-1.9194404746507416,0.1698215746223661,,,,,,omitted: n_molecules=3 < 5
ox_dmc_ec_tmp_eps5,G1_to_G2,几何：GFN2-xTB G1 -> r2SCAN-3c Opt+Freq G2,oxidation,5,3,3,DMC;EC;TMP,-0.015900559313591245,0.052594005573296576,0.04294282572789042,-0.07656732065808391,0.016838538137855963,3.307682738451914,,,,,,omitted: n_molecules=3 < 5
ox_dmc_ec_tmp_eps5,C0_to_C1,条件态：自由分子 C0 -> [Li M]+（1:1）,oxidation,5,3,3,DMC/m1;EC/m1;TMP/m1,4.228407,0.17258283995519288,0.14091329875021194,4.029296,4.335099999999999,0.04081509654940806,,,,,,omitted: n_molecules=3 < 5
ox_dmc_ec_tmp_eps5,C1_to_C2,条件态：[Li M]+ -> [Li(M)2]+（1:2）,oxidation,5,3,3,DMC/m1;EC/m1;TMP/m1,-1.4668711433865387,0.3083931526590477,0.25180195472763467,-1.7627470568603236,-1.1473248550438448,0.210238747997364,,,,,,omitted: n_molecules=3 < 5
ox_dmc_ec_tmp_eps5,P2sp_to_P2relax,relaxation: P2 single point -> P2 r2SCAN-3c Opt,oxidation,5,3,3,DMC;EC;TMP,-0.46245079815998924,0.34223364557282526,0.279432601488643,-0.8500579163230924,-0.20198083356533944,0.7400433666338408,,,,,,omitted: n_molecules=3 < 5
ox_carbonates_eps5,P0_to_P1,电子结构方法：Koopmans P0 -> r2SCAN-3c P1,oxidation,5,2,2,DMC;EC,-1.5681998494540368,0.09189126696849165,0.06497693800524384,-1.6331767874592806,-1.503222911448793,0.058596655904847375,,,,,,omitted: n_molecules=2 < 5
ox_carbonates_eps5,P1_to_P2,环境：气相 P1 -> SMD(乙腈) P2,oxidation,5,2,2,DMC;EC,-2.5593718448311664,0.2108456339551505,0.1490903775532635,-2.70846222238443,-2.410281467277903,0.08238179003999292,,,,,,omitted: n_molecules=2 < 5
ox_carbonates_eps5,G1_to_G2,几何：GFN2-xTB G1 -> r2SCAN-3c Opt+Freq G2,oxidation,5,2,2,DMC;EC,0.01443282135865509,0.0034021972963743947,0.0024057167792008727,0.012027104579454218,0.016838538137855963,0.23572641909921246,,,,,,omitted: n_molecules=2 < 5
ox_carbonates_eps5,C0_to_C1,条件态：自由分子 C0 -> [Li M]+（1:1）,oxidation,5,2,2,DMC/m1;EC/m1,4.327962499999999,0.010093949301437678,0.007137499999999797,4.320824999999999,4.335099999999999,0.0023322635770152075,,,,,,omitted: n_molecules=2 < 5
ox_carbonates_eps5,C1_to_C2,条件态：[Li M]+ -> [Li(M)2]+（1:2）,oxidation,5,2,2,DMC/m1;EC/m1,-1.6266442875578857,0.19247838222404426,0.13610276930243792,-1.7627470568603236,-1.4905415182554478,0.11832850224004167,,,,,,omitted: n_molecules=2 < 5
ox_carbonates_eps5,P2sp_to_P2relax,relaxation: P2 single point -> P2 r2SCAN-3c Opt,oxidation,5,2,2,DMC;EC,-0.2686472390784377,0.09428053483128802,0.06666640551309826,-0.33531364459153595,-0.20198083356533944,0.3509454820928224,,,,,,omitted: n_molecules=2 < 5
ox_all_eps_mean,P0_to_P1,电子结构方法：Koopmans P0 -> r2SCAN-3c P1,oxidation,per-molecule mean,3,3,DMC;EC;TMP,-1.6610291569769504,0.17341811750243474,0.14159530001166062,-1.8466877720227775,-1.503222911448793,0.10440401769831258,,,,,,omitted: n_molecules=3 < 5
ox_all_eps_mean,P1_to_P2,环境：气相 P1 -> SMD(乙腈) P2,oxidation,per-molecule mean,3,3,DMC;EC;TMP,-2.346061388104358,0.39841183908861605,0.32530190441698237,-2.70846222238443,-1.9194404746507416,0.1698215746223661,,,,,,omitted: n_molecules=3 < 5
ox_all_eps_mean,G1_to_G2,几何：GFN2-xTB G1 -> r2SCAN-3c Opt+Freq G2,oxidation,per-molecule mean,3,3,DMC;EC;TMP,-0.015900559313591245,0.052594005573296576,0.04294282572789042,-0.07656732065808391,0.016838538137855963,3.307682738451914,,,,,,omitted: n_molecules=3 < 5
ox_all_eps_mean,C0_to_C1,条件态：自由分子 C0 -> [Li M]+（1:1）,oxidation,per-molecule mean,3,3,DMC/m1;EC/m1;TMP/m1,4.228407,0.17258283995519288,0.14091329875021194,4.029296,4.335099999999999,0.04081509654940806,,,,,,omitted: n_molecules=3 < 5
ox_all_eps_mean,C1_to_C2,条件态：[Li M]+ -> [Li(M)2]+（1:2）,oxidation,per-molecule mean,3,3,DMC/m1;EC/m1;TMP/m1,-1.4668711433865387,0.3083931526590477,0.25180195472763467,-1.7627470568603236,-1.1473248550438448,0.210238747997364,,,,,,omitted: n_molecules=3 < 5
ox_all_eps_mean,P2sp_to_P2relax,relaxation: P2 single point -> P2 r2SCAN-3c Opt,oxidation,per-molecule mean,3,3,DMC;EC;TMP,-0.45870228671303254,0.3420817620729912,0.27930858913032913,-0.845360242953969,-0.1954329725935926,0.7457598795163627,,,,,,omitted: n_molecules=3 < 5
red_dec_emc_pc_tegdme_eps20,P0_to_P1,电子结构方法：Koopmans P0 -> r2SCAN-3c P1,reduction,20,4,4,DEC;EMC;PC;TEGDME,7.493964077780149,2.9598761815477954,2.5633279652768715,3.0561777256088707,9.051572420943419,0.3949680237090976,,,,,,omitted: n_molecules=4 < 5
red_dec_emc_pc_tegdme_eps20,P1_to_P2,环境：气相 P1 -> SMD(乙腈) P2,reduction,20,4,4,DEC;EMC;PC;TEGDME,-2.164934471927066,0.5569078898973844,0.482296380219122,-2.584812635836075,-1.3759976510951337,0.2572400675950556,,,,,,omitted: n_molecules=4 < 5
red_dec_emc_pc_tegdme_eps20,G1_to_G2,几何：GFN2-xTB G1 -> r2SCAN-3c Opt+Freq G2,reduction,20,2,2,EMC;PC,-0.0814512456230383,0.007607280146435637,0.005379159377930431,-0.08683040500096872,-0.07607208624510786,0.09339673185162359,,,,,,omitted: n_molecules=2 < 5
red_dec_emc_pc_tegdme_eps20,P2sp_to_P2relax,relaxation: P2 single point -> P2 r2SCAN-3c Opt,reduction,20,4,4,DEC;EMC;PC;TEGDME,-2.0095951717624616,0.25431223491786187,0.22024085593206433,-2.376429264533266,-1.7960130243084986,0.12654898782167362,,,,,,omitted: n_molecules=4 < 5
red_dec_emc_pc_eps5,P0_to_P1,电子结构方法：Koopmans P0 -> r2SCAN-3c P1,reduction,5,3,3,DEC;EMC;PC,8.973226195170573,0.10955383819154227,0.08945033431090359,8.848038867512049,9.051572420943419,0.012208968748665288,,,,,,omitted: n_molecules=3 < 5
red_dec_emc_pc_eps5,P1_to_P2,环境：气相 P1 -> SMD(乙腈) P2,reduction,5,3,3,DEC;EMC;PC,-2.4279134122043766,0.2242143139245834,0.18307022071447818,-2.584812635836075,-2.1711129277063357,0.09234856267835861,,,,,,omitted: n_molecules=3 < 5
red_dec_emc_pc_eps5,G1_to_G2,几何：GFN2-xTB G1 -> r2SCAN-3c Opt+Freq G2,reduction,5,2,2,EMC;PC,-0.0814512456230383,0.007607280146435637,0.005379159377930431,-0.08683040500096872,-0.07607208624510786,0.09339673185162359,,,,,,omitted: n_molecules=2 < 5
red_dec_emc_pc_eps5,P2sp_to_P2relax,relaxation: P2 single point -> P2 r2SCAN-3c Opt,reduction,5,3,3,DEC;EMC;PC,-1.9470241897161447,0.022554087993862024,0.01841533573293142,-1.9724919550495605,-1.9295752691994918,0.011583876622072256,,,,,,omitted: n_molecules=3 < 5
red_all_eps_mean,P0_to_P1,电子结构方法：Koopmans P0 -> r2SCAN-3c P1,reduction,per-molecule mean,4,4,DEC;EMC;PC;TEGDME,7.493964077780149,2.9598761815477954,2.5633279652768715,3.0561777256088707,9.051572420943419,0.3949680237090976,,,,,,omitted: n_molecules=4 < 5
red_all_eps_mean,P1_to_P2,环境：气相 P1 -> SMD(乙腈) P2,reduction,per-molecule mean,4,4,DEC;EMC;PC;TEGDME,-2.164934471927066,0.5569078898973844,0.482296380219122,-2.584812635836075,-1.3759976510951337,0.2572400675950556,,,,,,omitted: n_molecules=4 < 5
red_all_eps_mean,G1_to_G2,几何：GFN2-xTB G1 -> r2SCAN-3c Opt+Freq G2,reduction,per-molecule mean,2,2,EMC;PC,-0.0814512456230383,0.007607280146435637,0.005379159377930431,-0.08683040500096872,-0.07607208624510786,0.09339673185162359,,,,,,omitted: n_molecules=2 < 5
red_all_eps_mean,P2sp_to_P2relax,relaxation: P2 single point -> P2 r2SCAN-3c Opt,reduction,per-molecule mean,4,4,DEC;EMC;PC;TEGDME,-2.0237945628139995,0.2598484423937321,0.2250353522467893,-2.4084511686074466,-1.8420005577819367,0.12839665011868795,,,,,,omitted: n_molecules=4 < 5
