mol_id,name,family,role,group_key,mw,donor_count,n_heavy,rotatable_bonds,tpsa,is_cyclic,has_fluorine,p0_ox_ev,p0_red_ev,hl_gap_ev,dipole_debye,aux_alpha_bohr3
B01,MPC,linear_carbonate,co-solvent,linear_carbonate|linear|H,118.130000,3.000000,8.000000,2.000000,35.530000,0.000000,0.000000,11.886100,-5.714200,6.171900,0.917000,74.715048
B02,DPC,linear_carbonate,additive,linear_carbonate|linear|H,214.220000,3.000000,16.000000,2.000000,35.530000,1.000000,0.000000,11.060400,-6.723000,4.337400,0.635000,153.167855
B03,FEMC,linear_carbonate,co-solvent,linear_carbonate|linear|F,158.070000,3.000000,10.000000,1.000000,35.530000,0.000000,1.000000,12.807700,-6.518000,6.289700,3.167000,67.026975
B04,VEC,cyclic_carbonate,additive,cyclic_carbonate|cyclic|H,114.100000,3.000000,8.000000,1.000000,35.530000,1.000000,0.000000,11.969800,-6.480400,5.489400,5.724000,69.006243
B05,TFMEC,cyclic_carbonate,additive,cyclic_carbonate|cyclic|F,156.060000,3.000000,10.000000,0.000000,35.530000,1.000000,1.000000,13.146000,-6.824900,6.321100,4.776000,62.072669
B06,TMC,cyclic_carbonate,co-solvent,cyclic_carbonate|cyclic|H,102.090000,3.000000,7.000000,0.000000,35.530000,1.000000,0.000000,11.827200,-5.790700,6.036500,6.595000,58.062956
B07,DMEC,cyclic_carbonate,co-solvent,cyclic_carbonate|cyclic|H,116.120000,3.000000,8.000000,0.000000,35.530000,1.000000,0.000000,12.112100,-5.847900,6.264200,6.239000,69.493223
B08,ClEC,cyclic_carbonate,additive,cyclic_carbonate|cyclic|H,122.510000,3.000000,7.000000,0.000000,35.530000,1.000000,0.000000,12.339600,-6.770300,5.569400,4.817000,59.061317
B09,DEE,ether,co-solvent,ether|linear|H,74.120000,1.000000,5.000000,2.000000,9.230000,0.000000,0.000000,10.679800,0.897900,11.577700,1.409000,56.792581
B10,G2,ether,co-solvent,ether|linear|H,134.180000,3.000000,9.000000,6.000000,27.690000,0.000000,0.000000,10.495900,-0.046900,10.449000,1.498000,90.198102
B11,G3,ether,co-solvent,ether|linear|H,178.230000,4.000000,12.000000,9.000000,36.920000,0.000000,0.000000,10.769500,-0.313900,10.455600,2.683000,118.611763
B12,THF,ether,co-solvent,ether|cyclic|H,72.110000,1.000000,5.000000,0.000000,9.230000,1.000000,0.000000,10.515000,0.517600,11.032600,2.022000,51.535257
B13,2MeTHF,ether,co-solvent,ether|cyclic|H,86.130000,1.000000,6.000000,0.000000,9.230000,1.000000,0.000000,10.479000,0.404500,10.883500,1.927000,63.115602
B14,DIOX,ether,co-solvent,ether|cyclic|H,88.110000,2.000000,6.000000,0.000000,18.460000,1.000000,0.000000,10.622800,0.384700,11.007500,0.000000,56.546795
B15,DMM,ether,co-solvent,ether|linear|H,76.090000,2.000000,5.000000,2.000000,18.460000,0.000000,0.000000,11.124300,0.826200,11.950500,2.055000,50.412077
B16,DEE2,ether,co-solvent,ether|linear|H,118.180000,2.000000,8.000000,5.000000,18.460000,0.000000,0.000000,10.503800,-0.040800,10.463000,0.000000,85.076476
B17,HFE347,ether,co-solvent,ether|linear|F,200.050000,1.000000,12.000000,3.000000,9.230000,0.000000,1.000000,13.856900,-2.858600,10.998300,1.431000,65.115483
B18,HFE7100,ether,co-solvent,ether|linear|F,250.060000,1.000000,15.000000,3.000000,9.230000,0.000000,1.000000,13.537500,-3.448200,10.089300,3.641000,78.946997
B19,BTFE,ether,co-solvent,ether|linear|F,182.060000,1.000000,11.000000,2.000000,9.230000,0.000000,1.000000,12.928500,-2.178500,10.750000,4.737000,64.301405
B20,DMS,sulfone,co-solvent,sulfone|linear|H,94.130000,2.000000,5.000000,0.000000,34.140000,0.000000,0.000000,11.505900,-3.535600,7.970300,5.307000,57.942839
B21,EMS,sulfone,co-solvent,sulfone|linear|H,108.160000,2.000000,6.000000,1.000000,34.140000,0.000000,0.000000,11.309900,-3.575000,7.734900,5.413000,69.495892
B22,SULFOLENE,sulfone,additive,sulfone|cyclic|H,118.160000,2.000000,7.000000,0.000000,34.140000,1.000000,0.000000,11.364600,-6.545100,4.819400,5.336000,75.404113
B23,DESO,sulfoxide,co-solvent,sulfoxide|linear|H,106.190000,1.000000,6.000000,2.000000,17.070000,0.000000,0.000000,10.243700,-5.284300,4.959400,4.135000,76.244890
B24,THTO,sulfoxide,co-solvent,sulfoxide|cyclic|H,104.170000,1.000000,6.000000,0.000000,17.070000,1.000000,0.000000,10.297100,-5.503200,4.793900,4.308000,71.153314
B25,PN,nitrile,co-solvent,nitrile|linear|H,55.080000,1.000000,4.000000,0.000000,23.790000,0.000000,0.000000,11.516500,-5.584400,5.932000,3.821000,41.132868
B26,BN,nitrile,co-solvent,nitrile|linear|H,69.110000,1.000000,5.000000,1.000000,23.790000,0.000000,0.000000,11.462100,-5.554100,5.908000,3.800000,52.790201
B27,ADN,nitrile,additive,nitrile|linear|H,108.140000,2.000000,8.000000,3.000000,47.580000,0.000000,0.000000,11.679800,-5.891900,5.788000,5.680000,77.141750
B28,MPN,nitrile,additive,nitrile|linear|H,85.110000,2.000000,6.000000,2.000000,33.020000,0.000000,0.000000,11.339000,-5.807400,5.531600,3.318000,57.941347
B29,MN,nitrile,additive,nitrile|linear|H,66.060000,2.000000,5.000000,0.000000,47.580000,0.000000,0.000000,12.236400,-6.769200,5.467200,4.013000,42.428376
B30,TEP,phosphate,additive,phosphate|linear|H,182.160000,4.000000,11.000000,6.000000,44.760000,0.000000,0.000000,11.661500,-1.656300,10.005200,3.542000,119.253040
B31,TBP,phosphate,additive,phosphate|linear|H,266.320000,4.000000,17.000000,12.000000,44.760000,0.000000,0.000000,11.478100,-1.761500,9.716600,3.606000,189.245076
B32,TFP,phosphate,additive,phosphate|linear|F,344.070000,4.000000,20.000000,6.000000,44.760000,0.000000,1.000000,13.270600,-3.431900,9.838700,2.750000,131.043130
B33,MP,ester,co-solvent,ester|linear|H,88.110000,2.000000,6.000000,1.000000,26.300000,0.000000,0.000000,11.259700,-6.251100,5.008700,2.236000,58.112459
B34,EF,ester,co-solvent,ester|linear|H,74.080000,2.000000,5.000000,2.000000,26.300000,0.000000,0.000000,11.704300,-6.581500,5.122800,2.390000,46.722074
B35,GVL,ester,co-solvent,ester|cyclic|H,100.120000,2.000000,7.000000,0.000000,26.300000,1.000000,0.000000,11.296000,-6.189600,5.106400,5.058000,64.517014
B36,DVL,ester,co-solvent,ester|cyclic|H,100.120000,2.000000,7.000000,0.000000,26.300000,1.000000,0.000000,11.086600,-6.207500,4.879100,5.183000,64.631891
B37,ES,sulfite,additive,sulfite|cyclic|H,108.120000,3.000000,6.000000,0.000000,35.530000,1.000000,0.000000,11.416700,-6.066800,5.350000,4.107000,58.420507
B38,PS,sultone,additive,sultone|cyclic|H,122.140000,3.000000,7.000000,0.000000,43.370000,1.000000,0.000000,11.968400,-4.314900,7.653500,6.139000,69.691511
B39,HMDSO,siloxane,co-solvent,siloxane|linear|H,162.380000,1.000000,9.000000,2.000000,9.230000,0.000000,0.000000,10.317000,-3.970100,6.346900,0.404000,133.842660
B40,OMTS,siloxane,co-solvent,siloxane|linear|H,236.540000,2.000000,13.000000,4.000000,18.460000,0.000000,0.000000,10.176100,-3.841100,6.335000,0.432000,189.550596
