record_id,cohort,mol_id,name,state,charge,multiplicity,opt_jobs,freq_jobs,sp_jobs,e_sp_solution_ev,zpe_ev,thermal_corr_ev,std_state_corr_ev,g_single_ev,g_ensemble_ev,n_conformers,identity_label,status
C01|M,main,C01,DMC,M,0,1,1,1,1,-9356.764736950,2.608591787,1.774255582,0.082148454,-9354.990481369,,1,intact,produced_single_conformer
C01|M_plus,main,C01,DMC,M_plus,1,2,1,1,1,-9348.322903697,2.453097218,1.588225756,0.082148454,-9346.734677940,,1,intact,produced_single_conformer
C01|LiM_plus,main,C01,DMC,LiM_plus,1,1,1,1,1,,,,,,,,,planned
C01|LiM_2plus,main,C01,DMC,LiM_2plus,2,2,1,1,1,,,,,,,,,planned
C02|M,main,C02,EMC,M,0,1,1,1,1,-10427.728310969,3.384367184,2.504908514,0.082148454,-10425.223402455,,1,intact,produced_single_conformer
C02|M_plus,main,C02,EMC,M_plus,1,2,1,1,1,-10419.591101565,3.345322926,2.437331213,0.082148454,-10417.153770352,,1,intact,produced_single_conformer
C02|LiM_plus,main,C02,EMC,LiM_plus,1,1,1,1,1,,,,,,,,,planned
C02|LiM_2plus,main,C02,EMC,LiM_2plus,2,2,1,1,1,,,,,,,,,planned
C03|M,main,C03,DEC,M,0,1,1,1,1,,,,,,,,,planned
C03|M_plus,main,C03,DEC,M_plus,1,2,1,1,1,,,,,,,,,planned
C03|LiM_plus,main,C03,DEC,LiM_plus,1,1,1,1,1,,,,,,,,,planned
C03|LiM_2plus,main,C03,DEC,LiM_2plus,2,2,1,1,1,,,,,,,,,planned
C04|M,main,C04,EC,M,0,1,1,1,1,,,,,,,,,planned
C04|M_plus,main,C04,EC,M_plus,1,2,1,1,1,,,,,,,,,planned
C04|LiM_plus,main,C04,EC,LiM_plus,1,1,1,1,1,,,,,,,,,planned
C04|LiM_2plus,main,C04,EC,LiM_2plus,2,2,1,1,1,,,,,,,,,planned
C05|M,main,C05,PC,M,0,1,1,1,1,,,,,,,,,planned
C05|M_plus,main,C05,PC,M_plus,1,2,1,1,1,,,,,,,,,planned
C05|LiM_plus,main,C05,PC,LiM_plus,1,1,1,1,1,,,,,,,,,planned
C05|LiM_2plus,main,C05,PC,LiM_2plus,2,2,1,1,1,,,,,,,,,planned
C08|M,main,C08,DME,M,0,1,1,1,1,,,,,,,,,planned
C08|M_plus,main,C08,DME,M_plus,1,2,1,1,1,,,,,,,,,planned
C08|LiM_plus,main,C08,DME,LiM_plus,1,1,1,1,1,,,,,,,,,planned
C08|LiM_2plus,main,C08,DME,LiM_2plus,2,2,1,1,1,,,,,,,,,planned
C09|M,main,C09,DOL,M,0,1,1,1,1,,,,,,,,,planned
C09|M_plus,main,C09,DOL,M_plus,1,2,1,1,1,,,,,,,,,planned
C09|LiM_plus,main,C09,DOL,LiM_plus,1,1,1,1,1,,,,,,,,,planned
C09|LiM_2plus,main,C09,DOL,LiM_2plus,2,2,1,1,1,,,,,,,,,planned
C13|M,main,C13,GBL,M,0,1,1,1,1,-8346.741289645,2.705862152,1.928387676,0.082148454,-8344.812901968,,1,intact,produced_single_conformer
C13|M_plus,main,C13,GBL,M_plus,1,2,1,1,1,-8339.037018838,2.652784439,1.856815744,0.082148454,-8337.180203094,,1,intact,produced_single_conformer
C13|LiM_plus,main,C13,GBL,LiM_plus,1,1,1,1,1,,,,,,,,,planned
C13|LiM_2plus,main,C13,GBL,LiM_2plus,2,2,1,1,1,,,,,,,,,planned
C14|M,main,C14,SL,M,0,1,1,1,1,-19215.408041126,3.382069454,2.546535948,0.082148454,-19212.861505449,,1,intact,produced_single_conformer
C14|M_plus,main,C14,SL,M_plus,1,2,1,1,1,,,,,,,,,planned
C14|LiM_plus,main,C14,SL,LiM_plus,1,1,1,1,1,,,,,,,,,planned
C14|LiM_2plus,main,C14,SL,LiM_2plus,2,2,1,1,1,,,,,,,,,planned
C15|M,main,C15,DMSO,M,0,1,1,1,1,,,,,,,,,planned
C15|M_plus,main,C15,DMSO,M_plus,1,2,1,1,1,,,,,,,,,planned
C15|LiM_plus,main,C15,DMSO,LiM_plus,1,1,1,1,1,,,,,,,,,planned
C15|LiM_2plus,main,C15,DMSO,LiM_2plus,2,2,1,1,1,,,,,,,,,planned
C16|M,main,C16,AN,M,0,1,1,1,1,,,,,,,,,planned
C16|M_plus,main,C16,AN,M_plus,1,2,1,1,1,,,,,,,,,planned
C16|LiM_plus,main,C16,AN,LiM_plus,1,1,1,1,1,,,,,,,,,planned
C16|LiM_2plus,main,C16,AN,LiM_2plus,2,2,1,1,1,,,,,,,,,planned
C17|M,main,C17,TMP,M,0,1,1,1,1,,,,,,,,,planned
C17|M_plus,main,C17,TMP,M_plus,1,2,1,1,1,,,,,,,,,planned
C17|LiM_plus,main,C17,TMP,LiM_plus,1,1,1,1,1,,,,,,,,,planned
C17|LiM_2plus,main,C17,TMP,LiM_2plus,2,2,1,1,1,,,,,,,,,planned
