comparison,axis,family,n,mean_delta_ev,std_delta_ev,median_delta_ev,min_delta_ev,max_delta_ev
P0_to_P1v,oxidation,nitrile,2,0.10603708540864432,0.598918873430118,0.10603708540864432,-0.3174625113743996,0.5295366821916883
P0_to_P1v,oxidation,linear_carbonate,3,-1.7247996916933275,0.20374401217807303,-1.7671087393773988,-1.9040674242537907,-1.503222911448793
P0_to_P1v,oxidation,ether,3,-2.237872048713362,0.6847934043535248,-1.9932816634072061,-3.011376627207837,-1.7089578555250426
P0_to_P1v,oxidation,sulfoxide,1,-1.6101306429224227,0.0,-1.6101306429224227,-1.6101306429224227,-1.6101306429224227
P0_to_P1v,oxidation,ester,3,-1.3389556184985114,0.10660889322534337,-1.3403534004365056,-1.4448587480027353,-1.2316547070562933
P0_to_P1v,oxidation,cyclic_carbonate,4,-1.8215767209852967,0.2950930932841257,-1.6960315890195572,-2.2610669184427916,-1.6331767874592806
P0_to_P1v,oxidation,sulfone,1,-1.4573481724659754,0.0,-1.4573481724659754,-1.4573481724659754,-1.4573481724659754
P0_to_P1v,oxidation,phosphate,1,-1.8466877720227775,0.0,-1.8466877720227775,-1.8466877720227775,-1.8466877720227775
P0_to_P1v,reduction,nitrile,2,8.425288481031386,0.38379849345328804,8.425288481031386,8.153901963701385,8.696674998361386
P0_to_P1v,reduction,linear_carbonate,3,9.116390986242681,0.1404395344742156,9.051572420943419,9.020067297056254,9.27753324072837
P0_to_P1v,reduction,ether,3,3.411575320636962,0.6548395293164389,3.0561777256088707,3.011273926765605,4.16727430953641
P0_to_P1v,reduction,sulfoxide,1,8.140189014525108,0.0,8.140189014525108,8.140189014525108,8.140189014525108
P0_to_P1v,reduction,ester,3,8.916149144072227,0.05567829286064826,8.896653408884976,8.872840348295378,8.978953675036323
P0_to_P1v,reduction,cyclic_carbonate,4,8.920330092845164,0.26334815659842004,8.857205805694441,8.67365606921375,9.293252690778024
P0_to_P1v,reduction,sulfone,1,6.830287034877928,0.0,6.830287034877928,6.830287034877928,6.830287034877928
P0_to_P1v,reduction,phosphate,1,4.818634534191738,0.0,4.818634534191738,4.818634534191738,4.818634534191738
P1v_to_P1a,oxidation,nitrile,2,-0.27217824054507833,0.055528884132111093,-0.27217824054507833,-0.31144309106661616,-0.2329133900235405
P1v_to_P1a,oxidation,linear_carbonate,2,-0.6780094441438722,0.385099634585114,-0.6780094441438722,-0.9503160071914678,-0.4057028810962766
P1v_to_P1a,oxidation,ether,2,-0.2753670771428878,0.1903681067509552,-0.2753670771428878,-0.40997765634813277,-0.14075649793764278
P1v_to_P1a,oxidation,sulfoxide,1,-0.2832464453970882,0.0,-0.2832464453970882,-0.2832464453970882,-0.2832464453970882
P1v_to_P1a,oxidation,cyclic_carbonate,2,-0.3498660090258152,0.03552281087886691,-0.3498660090258152,-0.37498442948506927,-0.32474758856656116
P1v_to_P1a,oxidation,ester,1,-0.244474448699469,0.0,-0.244474448699469,-0.244474448699469,-0.244474448699469
P1v_to_P1a,oxidation,sulfone,1,-0.26419798480917933,0.0,-0.26419798480917933,-0.26419798480917933,-0.26419798480917933
P1v_to_P1a,oxidation,phosphate,1,-0.6191734898991239,0.0,-0.6191734898991239,-0.6191734898991239,-0.6191734898991239
P1v_to_P2a,oxidation,nitrile,2,-2.748517074144095,0.2242036970416829,-2.748517074144095,-2.907053028689363,-2.5899811195988267
P1v_to_P2a,oxidation,linear_carbonate,3,-2.245794021374884,0.148870104903534,-2.206796318346777,-2.410281467277903,-2.1203042784999724
P1v_to_P2a,oxidation,ether,3,-2.2186430122420306,0.52065485082537,-2.350035483896204,-2.66101516500298,-1.6448783878269078
P1v_to_P2a,oxidation,sulfoxide,1,-2.4008677245340717,0.0,-2.4008677245340717,-2.4008677245340717,-2.4008677245340717
P1v_to_P2a,oxidation,ester,3,-2.3400539213657185,0.06103134242158021,-2.3405101404545556,-2.400855875362865,-2.2787957482797356
P1v_to_P2a,oxidation,cyclic_carbonate,4,-2.6225329370521075,0.13056998204063355,-2.620136184098225,-2.7581955987236997,-2.4916637812882794
P1v_to_P2a,oxidation,sulfone,1,-2.360809148485002,0.0,-2.360809148485002,-2.360809148485002,-2.360809148485002
P1v_to_P2a,oxidation,phosphate,1,-1.9194404746507416,0.0,-1.9194404746507416,-1.9194404746507416,-1.9194404746507416
P1v_to_P2a,reduction,nitrile,2,-2.2640873426670685,0.40976889848693504,-2.2640873426670685,-2.553837709506522,-1.9743369758276146
P1v_to_P2a,reduction,linear_carbonate,3,-2.4790624602335987,0.13680436018272688,-2.5278146730707194,-2.584812635836075,-2.324560071794002
P1v_to_P2a,reduction,ether,3,-2.091356082713851,0.6573035719980662,-2.22938848772136,-2.6686821093250597,-1.3759976510951337
P1v_to_P2a,reduction,sulfoxide,1,-2.0274948263237484,0.0,-2.0274948263237484,-2.0274948263237484,-2.0274948263237484
P1v_to_P2a,reduction,ester,3,-2.2984900507895736,0.04170972495665246,-2.308870999156314,-2.3340289037454394,-2.2525702494669675
P1v_to_P2a,reduction,cyclic_carbonate,4,-2.0660240255950053,0.0800932881853743,-2.0455087403018384,-2.1711129277063357,-2.001965694070009
P1v_to_P2a,reduction,sulfone,1,-1.7880414110476375,0.0,-1.7880414110476375,-1.7880414110476375,-1.7880414110476375
P1v_to_P2a,reduction,phosphate,1,-1.9013559470035881,0.0,-1.9013559470035881,-1.9013559470035881,-1.9013559470035881
P1v_to_P2eps10,oxidation,nitrile,2,-2.348258718461077,0.21295664167201833,-2.348258718461077,-2.4988418038860747,-2.197675633036079
P1v_to_P2eps10,oxidation,linear_carbonate,2,-2.0163858689499996,0.13009231096767918,-2.0163858689499996,-2.1083750242154746,-1.9243967136845246
P1v_to_P2eps10,oxidation,ether,2,-2.1404492943850992,0.22543346719413918,-2.1404492943850992,-2.29985482774447,-1.9810437610257283
P1v_to_P2eps10,oxidation,sulfoxide,1,-2.1582848445995317,0.0,-2.1582848445995317,-2.1582848445995317,-2.1582848445995317
P1v_to_P2eps10,oxidation,cyclic_carbonate,2,-2.247356741255018,0.10836508991849055,-2.247356741255018,-2.323982431180273,-2.1707310513297635
P1v_to_P2eps10,oxidation,ester,1,-2.034157397887454,0.0,-2.034157397887454,-2.034157397887454,-2.034157397887454
P1v_to_P2eps10,oxidation,sulfone,1,-2.021550239235961,0.0,-2.021550239235961,-2.021550239235961,-2.021550239235961
P1v_to_P2eps10,oxidation,phosphate,1,-1.629681148994468,0.0,-1.629681148994468,-1.629681148994468,-1.629681148994468
P1v_to_P2eps10,reduction,nitrile,2,-2.1473382933657965,0.3421308840990304,-2.1473382933657965,-2.38926136156557,-1.9054152251660235
P1v_to_P2eps10,reduction,linear_carbonate,2,-2.4577713071356886,0.016770925058415872,-2.4577713071356886,-2.469630141971266,-2.4459124723001113
P1v_to_P2eps10,reduction,ether,2,-2.3667435206637766,0.2493364189548393,-2.3667435206637766,-2.5430509933035137,-2.19043604802404
P1v_to_P2eps10,reduction,sulfoxide,1,-2.072831035302436,0.0,-2.072831035302436,-2.072831035302436,-2.072831035302436
P1v_to_P2eps10,reduction,cyclic_carbonate,2,-2.0368019627470857,0.1058421442287999,-2.0368019627470857,-2.1116436606665947,-1.9619602648275767
P1v_to_P2eps10,reduction,ester,1,-2.3508293523902797,0.0,-2.3508293523902797,-2.3508293523902797,-2.3508293523902797
P1v_to_P2eps10,reduction,sulfone,1,-1.8665835039370993,0.0,-1.8665835039370993,-1.8665835039370993,-1.8665835039370993
P1v_to_P2eps10,reduction,phosphate,1,-1.9461178085734876,0.0,-1.9461178085734876,-1.9461178085734876,-1.9461178085734876
P0_to_P2a,oxidation,nitrile,2,-2.6424799887354506,0.37471517638843505,-2.6424799887354506,-2.9074436309732263,-2.377516346497675
P0_to_P2a,oxidation,linear_carbonate,3,-3.9705937130682116,0.05550778897419368,-3.973905057724176,-4.024371702753763,-3.913504378726696
P0_to_P2a,oxidation,ether,3,-4.456515060955392,0.17349256709167096,-4.369973020528023,-4.656255015034745,-4.34331714730341
P0_to_P2a,oxidation,sulfoxide,1,-4.010998367456494,0.0,-4.010998367456494,-4.010998367456494,-4.010998367456494
P0_to_P2a,oxidation,ester,3,-3.67900953986423,0.09235185570688079,-3.632510582419158,-3.785368888457291,-3.6191491487162413
P0_to_P2a,oxidation,cyclic_carbonate,4,-4.444109658037404,0.39019192063023006,-4.296307957314402,-5.019262517166491,-4.164560200354321
P0_to_P2a,oxidation,sulfone,1,-3.818157320950977,0.0,-3.818157320950977,-3.818157320950977,-3.818157320950977
P0_to_P2a,oxidation,phosphate,1,-3.766128246673519,0.0,-3.766128246673519,-3.766128246673519,-3.766128246673519
P0_to_P2a,reduction,nitrile,2,6.1612011383643175,0.025970405033646816,6.1612011383643175,6.142837288854865,6.17956498787377
P0_to_P2a,reduction,linear_carbonate,3,6.637328526009083,0.27365329646121733,6.492252623985535,6.466759785107344,6.952973168934369
P0_to_P2a,reduction,ether,3,1.320219237923111,0.4749694708977918,1.4985922002113508,0.7818854390442449,1.680180074513737
P0_to_P2a,reduction,sulfoxide,1,6.11269418820136,0.0,6.11269418820136,6.11269418820136,6.11269418820136
P0_to_P2a,reduction,ester,3,6.617659093282652,0.028660519599213147,6.620270098828411,6.587782409728662,6.644924771290883
P0_to_P2a,reduction,cyclic_carbonate,4,6.8543060672501595,0.2935002829302185,6.728721029986437,6.671690375143742,7.288091833884024
P0_to_P2a,reduction,sulfone,1,5.042245623830291,0.0,5.042245623830291,5.042245623830291,5.042245623830291
P0_to_P2a,reduction,phosphate,1,2.91727858718815,0.0,2.91727858718815,2.91727858718815,2.91727858718815
