name,family,motif_id,reduction_label,oxidation_label,in_reduction_all,in_reduction_molecule_centered
EC,cyclic_carbonate,m1,Li_centered_or_mixed_redox,molecule_centered_redox,True,False
DMC,linear_carbonate,m1,Li_centered_or_mixed_redox,molecule_centered_redox,True,False
DME,ether,m1,Li_centered_or_mixed_redox,molecule_centered_redox,True,False
DOL,ether,m1,Li_centered_or_mixed_redox,no_intact_minimum_found,True,False
GBL,ester,m1,Li_centered_or_mixed_redox,molecule_centered_redox,True,False
SL,sulfone,m1,Li_centered_or_mixed_redox,molecule_centered_redox,True,False
DMSO,sulfoxide,m1,Li_centered_or_mixed_redox,no_intact_minimum_found,True,False
AN,nitrile,m1,Li_centered_or_mixed_redox,no_intact_minimum_found,True,False
SN,nitrile,m1,molecule_centered_redox,no_intact_minimum_found,True,True
TMP,phosphate,m1,Li_centered_or_mixed_redox,molecule_centered_redox,True,False
