name,state,energy_1e6_eh,n_eps,terminated_normally,eps_labels,eps_below_preregistered,energy_5_eh,energy_7_eh,energy_10_eh,energy_14_eh,energy_20_eh,energy_28_eh,energy_40_eh,energy_80_eh,energy_200_eh,energy_1000_eh,energy_1e6_eh,delta_5_mev,delta_7_mev,delta_10_mev,delta_14_mev,delta_20_mev,delta_28_mev,delta_40_mev,delta_80_mev,delta_200_mev,delta_1000_mev,delta_1e6_mev
AN,neutral,-132.727184099348,11,True,"5,7,10,14,20,28,40,80,200,1000,1e6","7,14,28,80,200,1000,1e6",-132.724391788708,-132.725159804652,-132.725751006582,-132.726152644018,-132.726457918329,-132.726663398198,-132.726818552599,-132.727000710269,-132.727110601725,-132.727169395577,-132.727184099348,75.98264334353995,55.08386484816406,38.99644078214489,28.0673293803226,19.760392192248737,14.169000110852119,9.947033777479188,4.990271061528652,1.9999722074010156,0.40010999197445635,0.0
AN,cation,-132.382956607223,11,True,"5,7,10,14,20,28,40,80,200,1000,1e6","7,14,28,80,200,1000,1e6",-132.359949357715,-132.366503487227,-132.371428930112,-132.37471744987,-132.377186489455,-132.37883380499,-132.380069977853,-132.381512939432,-132.382379110252,-132.38284118951,-132.382956607223,626.059152819952,447.7122031631575,313.68407438696966,224.1988930744283,157.01290327012376,112.187163978341,78.54918673636861,39.28420187163384,15.714493133894868,3.140675968199956,0.0
AN,anion,-132.708230259546,11,True,"5,7,10,14,20,28,40,80,200,1000,1e6","7,14,28,80,200,1000,1e6",-132.684215717273,-132.69096945045,-132.696090127511,-132.699530844973,-132.702125905372,-132.703862931159,-132.705169459728,-132.706697692912,-132.70761677513,-132.708107605138,-132.708230259546,653.4689853118149,469.69054322955,330.3498218816856,236.7231300603132,166.10793921177267,118.84105960224565,83.2886060692932,41.70326262580883,16.69376140025522,3.3375964713193045,0.0
DEC,neutral,-422.172536706875,1,True,1e6,1e6,,,,,,,,,,,-422.172536706875,,,,,,,,,,,0.0
DEC,cation,-421.880431699165,1,True,1e6,1e6,,,,,,,,,,,-421.880431699165,,,,,,,,,,,0.0
DEC,anion,-422.151468571818,1,True,1e6,1e6,,,,,,,,,,,-422.151468571818,,,,,,,,,,,0.0
DMC,neutral,-343.561567847394,11,True,"5,7,10,14,20,28,40,80,200,1000,1e6","7,14,28,80,200,1000,1e6",-343.559541154312,-343.560109375173,-343.560541138987,-343.560831702163,-343.561051077211,-343.561198023243,-343.561308601586,-343.561438011399,-343.561515867467,-343.561557454648,-343.561567847394,55.14912825563933,39.68705093398726,27.938159024400573,20.031532213169076,14.062033049183148,10.06342781578514,7.054437813258107,3.533017408110245,1.414445870079712,0.28280102533915213,0.0
DMC,cation,-343.258830454767,11,True,"5,7,10,14,20,28,40,80,200,1000,1e6","7,14,28,80,200,1000,1e6",-343.239628644218,-343.245106446711,-343.249219180313,-343.251963122251,-343.254022208363,-343.255395467968,-343.256425702049,-343.257627957925,-343.258349473643,-343.258734331581,-343.258830454767,522.5078834716862,373.4492840545329,261.53610148443875,186.86963757198356,130.839050065804,93.4707525372718,65.43665503578693,32.72160602679932,13.088163141790785,2.615645140986185,0.0
DMC,anion,-343.534603351332,11,True,"5,7,10,14,20,28,40,80,200,1000,1e6","7,14,28,80,200,1000,1e6",-343.511741250492,-343.51821779012,-343.523103841261,-343.526375153758,-343.528836079643,-343.530480277819,-343.5317153234,-343.533158275125,-343.534025119872,-343.534487768926,-343.534603351332,622.109456352772,445.8738349975209,312.9176101821243,223.9006622943839,156.9354575155782,112.19454588361924,78.58724354652296,39.322526823714334,15.734479597557586,3.1451574931955033,0.0
DME,neutral,-308.786908684574,11,True,"5,7,10,14,20,28,40,80,200,1000,1e6","7,14,28,80,200,1000,1e6",-308.784671227194,-308.785287862926,-308.785761820862,-308.78608350434,-308.786327858161,-308.786492267827,-308.786616376392,-308.786762053967,-308.786849923475,-308.786896929826,-308.786908684574,60.884316975479706,44.10480389891713,31.207751438594872,22.454298068841783,15.80509186600422,11.33127694155213,7.954110843188745,3.990022082329199,1.598970959917614,0.31986298693666965,0.0
DME,cation,-308.542317875557,11,True,"5,7,10,14,20,28,40,80,200,1000,1e6","7,14,28,80,200,1000,1e6",-308.523954059049,-308.529181168846,-308.533111165235,-308.535736407542,-308.537708057219,-308.539023813467,-308.540011335612,-308.541164227435,-308.541856368274,-308.54222563735,-308.542317875557,499.70490394924605,357.4680003135308,250.52735062583153,179.09086822138917,125.43954731906898,89.63599584904333,62.764149334704506,31.39236463967729,12.558252932447875,2.5099294773958256,0.0
DME,anion,-308.741592792119,11,True,"5,7,10,14,20,28,40,80,200,1000,1e6","7,14,28,80,200,1000,1e6",-308.717603811332,-308.724148174161,-308.72921057188,-308.732664148128,-308.735297553499,-308.737074366925,-308.738418333928,-308.739998816593,-308.740953636827,-308.741464885956,-308.741592792119,652.7734218413661,474.69223716899677,336.93737750566737,242.960780291976,171.30216959943,122.95261317657136,86.38140795658927,43.37428370365126,17.39230152156728,3.4805040035163555,0.0
DMSO,neutral,-553.147609708984,11,True,"5,7,10,14,20,28,40,80,200,1000,1e6","7,14,28,80,200,1000,1e6",-553.144486870397,-553.145345574294,-553.146006634418,-553.146455796177,-553.146797242619,-553.147027100256,-553.147200680628,-553.147404493575,-553.147527461509,-553.147593254227,-553.147609708984,84.97676697289917,61.610243562381584,43.62188119632371,31.399567085812137,22.108336070027462,15.853591127773344,11.130228580377995,5.5841957574495655,2.238067810162514,0.44775674759988354,0.0
DMSO,cation,-552.911657522085,11,True,"5,7,10,14,20,28,40,80,200,1000,1e6","7,14,28,80,200,1000,1e6",-552.891197537735,-552.897026985782,-552.901407390105,-552.904331761588,-552.906527248223,-552.907991976669,-552.909091093405,-552.910374019807,-552.911144100762,-552.911554911182,-552.911657522085,556.7445367331114,398.1171743269469,278.92030038016753,199.3440984293792,139.60186360486378,99.74457211616968,69.83608208382033,34.925876232704695,13.970905924935003,2.792184914951481,0.0
DMSO,anion,-553.130465661626,11,True,"5,7,10,14,20,28,40,80,200,1000,1e6","7,14,28,80,200,1000,1e6",-553.109813957718,-553.115638418743,-553.120044782536,-553.12300159746,-553.125229771329,-553.126720404214,-553.127841162598,-553.129151782865,-553.129939767278,-553.130360522786,-553.130465661626,561.9614916787871,403.46983305319543,283.5665659412798,203.10753298628075,142.4758332117773,101.91364602837726,71.41625675318228,35.75246244393127,14.310314228438717,2.8609735850445728,0.0
DOL,neutral,-268.298023623483,11,True,"5,7,10,14,20,28,40,80,200,1000,1e6","7,14,28,80,200,1000,1e6",-268.29653840102,-268.296954183459,-268.29727043809,-268.297483426766,-268.297644316843,-268.297752132338,-268.29783328604,-268.297928285307,-268.297985450899,-268.298015990638,-268.298023623483,40.4149621027741,29.100945560674536,20.495218644389457,14.699501515029375,10.321459487075558,7.387650408571484,5.179345679359677,2.5942839306177556,1.038728927967542,0.20770029300498868,0.0
DOL,cation,-268.049655818319,11,True,"5,7,10,14,20,28,40,80,200,1000,1e6","7,14,28,80,200,1000,1e6",-268.029432825017,-268.035204776105,-268.039536882977,-268.04242648148,-268.044594491214,-268.046040218769,-268.047124721525,-268.048390199294,-268.049149601899,-268.049554653156,-268.049655818319,550.2956817911173,393.23289134316383,275.3502579895259,196.72027702924782,137.7257267717442,98.38547586632396,68.87465248833126,34.439248130856825,13.774850529643032,2.7528443254804134,0.0
DOL,anion,-268.252516602873,11,True,"5,7,10,14,20,28,40,80,200,1000,1e6","7,14,28,80,200,1000,1e6",-268.228756177898,-268.235457650808,-268.240528627795,-268.243931145509,-268.246494721284,-268.248209639623,-268.249498730359,-268.251005949971,-268.251912031294,-268.252395726066,-268.252516602873,646.5541013641814,464.1977335936627,326.2094201547386,233.62219643043707,163.86374584567963,117.19844054385705,82.12049462019658,41.10695960068567,16.4512307496174,3.2892254831509873,0.0
EA,neutral,-307.651638758406,1,True,1e6,1e6,,,,,,,,,,,-307.651638758406,,,,,,,,,,,0.0
EA,cation,-307.365927483985,1,True,1e6,1e6,,,,,,,,,,,-307.365927483985,,,,,,,,,,,0.0
EA,anion,-307.649010435823,1,True,1e6,1e6,,,,,,,,,,,-307.649010435823,,,,,,,,,,,0.0
EC,neutral,-342.367263445944,11,True,"5,7,10,14,20,28,40,80,200,1000,1e6","7,14,28,80,200,1000,1e6",-342.363702952825,-342.364684249084,-342.365438608727,-342.365950576,-342.366339428046,-342.366601027707,-342.366798485587,-342.367030227344,-342.367169988686,-342.367244749786,-342.367263445944,96.88595348681046,70.18352196144535,49.65635034747217,35.72501113697901,25.143807920705278,18.025318502592107,12.652215862437242,6.346201404011009,2.543101545026422,0.5087483768832578,0.0
EC,cation,-342.067607844793,11,True,"5,7,10,14,20,28,40,80,200,1000,1e6","7,14,28,80,200,1000,1e6",-342.042742968991,-342.04977471956,-342.055085409334,-342.058644148049,-342.06132308575,-342.06311385003,-342.064459482595,-342.066032196972,-342.066977292413,-342.06748179553,-342.067607844793,676.6077394066166,485.26405868776527,340.7528280138822,243.91461429261994,171.01700578082955,122.2878272829342,85.67129981139225,42.875561444090444,17.15820435940987,3.429975180807434,0.0
EC,anion,-342.354977714379,11,True,"5,7,10,14,20,28,40,80,200,1000,1e6","7,14,28,80,200,1000,1e6",-342.331158052911,-342.337401495927,-342.34234916379,-342.345791896377,-342.348457122171,-342.350274771875,-342.351663016109,-342.353306644049,-342.35430617507,-342.354843372201,-342.354977714379,648.1660084543278,478.27326904141677,343.64036780426704,249.95884163726186,177.43435312461418,127.9735849696991,90.19753491396506,45.472140194360904,18.273515516459923,3.6556368947037554,0.0
EMC,neutral,-382.866819113144,11,True,"5,7,10,14,20,28,40,80,200,1000,1e6","7,14,28,80,200,1000,1e6",-382.864853359149,-382.86540397174,-382.86582261612,-382.866104485918,-382.866317367403,-382.86646000228,-382.86656735567,-382.866693016598,-382.866768626099,-382.866809018117,-382.866819113144,53.490891223166955,38.507959336432485,27.11606541317324,19.445997468280364,13.653197156148067,9.77190442534325,6.850669865822907,3.4312618178154164,1.37382248272904,0.27469967869454825,0.0
EMC,cation,-382.570455907354,11,True,"5,7,10,14,20,28,40,80,200,1000,1e6","7,14,28,80,200,1000,1e6",-382.552844970432,-382.557869292533,-382.561641327004,-382.564157886889,-382.566046312125,-382.567305737798,-382.568250563349,-382.569353126255,-382.570014815547,-382.570367754054,-382.570455907354,479.2180067393576,342.4992374245808,239.85695050068205,171.37786745853134,119.99119896457272,85.72048052927587,60.01046752548765,30.00820242985974,12.002719531127868,2.3987734951132613,0.0
EMC,anion,-382.838548155502,11,True,"5,7,10,14,20,28,40,80,200,1000,1e6","7,14,28,80,200,1000,1e6",-382.816302090834,-382.828836004868,-382.834683361717,-382.838690184265,-382.832860223063,-382.843822692104,-382.835700913646,-382.837123070445,-382.837977828195,-382.838434142215,-382.838548155502,605.3462581348468,264.2810821814231,105.1663964446938,-3.8647995274849123,154.7765265387803,-143.52745274644937,77.4773978790499,38.77853991962755,15.519396637481153,3.1024595890520295,0.0
FEC,neutral,-441.619126583418,1,True,1e6,1e6,,,,,,,,,,,-441.619126583418,,,,,,,,,,,0.0
FEC,cation,-441.294051696676,1,True,1e6,1e6,,,,,,,,,,,-441.294051696676,,,,,,,,,,,0.0
FEC,anion,-441.609864949728,1,True,1e6,1e6,,,,,,,,,,,-441.609864949728,,,,,,,,,,,0.0
GBL,neutral,-306.450971893594,11,True,"5,7,10,14,20,28,40,80,200,1000,1e6","7,14,28,80,200,1000,1e6",-306.447896260616,-306.448744781788,-306.449396606005,-306.449838769685,-306.450174493248,-306.45040029659,-306.450570707644,-306.450770677327,-306.450891264911,-306.450955764152,-306.450971893594,83.69223691476563,60.60279956627113,42.865759032562,30.833872351583324,21.698368806586544,15.553946853204767,10.916825842214054,5.475373559961908,2.1940182358468774,0.4389044754879709,0.0
GBL,cation,-306.168114746783,11,True,"5,7,10,14,20,28,40,80,200,1000,1e6","7,14,28,80,200,1000,1e6",-306.148786151534,-306.154298645358,-306.158438115962,-306.161200267594,-306.163273308307,-306.164655939219,-306.165693260028,-306.166903846056,-306.167630394494,-306.168017948602,-306.168114746783,525.9578709119436,375.95527228923305,263.3145388298125,188.15256390152274,131.74225235602665,94.11894857343316,65.89201137977304,32.950287386857916,13.179897214911355,2.6340126896877556,0.0
GBL,anion,-306.452777489937,11,True,"5,7,10,14,20,28,40,80,200,1000,1e6","7,14,28,80,200,1000,1e6",-306.42944978232,-306.436025336481,-306.441002656728,-306.444343426169,-306.446861158874,-306.448545549723,-306.449811979307,-306.451292921254,-306.452183281921,-306.452658695365,-306.452777489937,634.7792621996567,455.8493181424149,320.40953443110897,229.50256681414876,160.99156971341895,115.15695973225765,80.69565516850268,40.397171841733936,16.169223832979256,3.2325649815503534,0.0
MA,neutral,-268.346189366305,1,True,1e6,1e6,,,,,,,,,,,-268.346189366305,,,,,,,,,,,0.0
MA,cation,-268.057902452563,1,True,1e6,1e6,,,,,,,,,,,-268.057902452563,,,,,,,,,,,0.0
MA,anion,-268.344497079834,1,True,1e6,1e6,,,,,,,,,,,-268.344497079834,,,,,,,,,,,0.0
PC,neutral,-381.675881928369,11,True,"5,7,10,14,20,28,40,80,200,1000,1e6","7,14,28,80,200,1000,1e6",-381.672325390579,-381.673305976863,-381.674059571356,-381.674570924038,-381.674959263395,-381.675220500463,-381.675417671098,-381.675649068483,-381.675788615897,-381.675863261848,-381.675881928369,96.77832350264352,70.09521138078466,49.58886055876266,35.674245221023995,25.106992982734265,17.9983702235453,12.633083918836489,6.336440299462144,2.5391617176419836,0.5079419124379004,0.0
PC,cation,-381.377934513434,11,True,"5,7,10,14,20,28,40,80,200,1000,1e6","7,14,28,80,200,1000,1e6",-381.355460713439,-381.361754018292,-381.366537487988,-381.369759146664,-381.372193062724,-381.373824483827,-381.375052747914,-381.376490877167,-381.377356449917,-381.3778189248,-381.377934513434,611.5432520789734,440.2937029605523,310.12886146649794,222.4630628808126,156.23283288185786,111.83960311944828,78.41683463474517,39.28334406077992,15.729909636491998,3.1453269655007148,0.0
PC,anion,-381.659275533053,11,True,"5,7,10,14,20,28,40,80,200,1000,1e6","7,14,28,80,200,1000,1e6",-381.633360701485,-381.640212343164,-381.645612097205,-381.649356754539,-381.652247143051,-381.654214326404,-381.655711150257,-381.657480829646,-381.658554617226,-381.659131160698,-381.659275533053,705.1784912966315,518.7358231497002,371.80103030727014,269.90371323341145,191.25223503202116,137.72244899756276,96.99179699090094,48.83636760565453,19.617119019423267,3.9285719154101195,0.0
SL,neutral,-705.768280516457,11,True,"5,7,10,14,20,28,40,80,200,1000,1e6","7,14,28,80,200,1000,1e6",-705.764237701713,-705.765354572628,-705.766211700639,-705.766792754558,-705.767233740365,-705.767530247692,-705.767753976221,-705.768016455326,-705.768174713476,-705.768259353027,-705.768280516457,110.0105935206458,79.61898766609943,56.29534629558291,40.48406367729783,28.484228553544042,20.415853153961763,14.32788973649514,7.185469428733411,2.8790457822682987,0.575886268177741,0.0
SL,cation,-705.490857644453,11,True,"5,7,10,14,20,28,40,80,200,1000,1e6","7,14,28,80,200,1000,1e6",-705.470445862963,-705.4762475852,-705.480614284982,-705.483533036154,-705.485726207204,-705.487190319629,-705.488289466566,-705.4895729725,-705.49034368268,-705.490754917482,-705.490857644453,555.432870093026,397.55996540904414,278.7360110193085,199.31274552391352,139.63352097703034,99.79299227364213,69.88368042961466,34.95770471058483,13.985612320259328,2.7953432832690264,0.0
SL,anion,-705.736708620106,11,True,"5,7,10,14,20,28,40,80,200,1000,1e6","7,14,28,80,200,1000,1e6",-705.714654387301,-705.720712621754,-705.72537939901,-705.728551965426,-705.730964640046,-705.732589262098,-705.733816344698,-705.735257392842,-705.736126952717,-705.736592245777,-705.736708620106,600.1262472151408,435.2732895455999,308.28381111075925,221.95388097167213,156.30166000355945,112.09344184074178,78.702823258059,39.48990561293318,15.827975989922544,3.166706814667269,0.0
SN,neutral,-264.252355546123,11,True,"5,7,10,14,20,28,40,80,200,1000,1e6","7,14,28,80,200,1000,1e6",-264.246973522053,-264.24844582134,-264.249583282272,-264.250358081626,-264.250948104809,-264.251345794142,-264.251646375636,-264.251999591631,-264.252212847462,-264.252326993511,-264.252355546123,146.4523357540285,106.38903118572465,75.43714242534934,54.3537779399895,38.298429213064196,27.47675116691615,19.29751203521876,9.686015168410332,3.8830283818733955,0.7769561529100434,0.0
SN,cation,-263.915724186926,11,True,"5,7,10,14,20,28,40,80,200,1000,1e6","7,14,28,80,200,1000,1e6",-263.89230017337,-263.898919525338,-263.903920559669,-263.907273385846,-263.909798106109,-263.911486198447,-263.912754922464,-263.914238014794,-263.915129402143,-263.915605282267,-263.915724186926,637.3998803034598,457.27813720488643,321.1930603937694,229.95801227633854,161.25687403646825,115.32154140864274,80.79780214262239,40.44080391161193,16.18491846356733,3.2355606029978947,0.0
SN,anion,-264.262186512881,11,True,"5,7,10,14,20,28,40,80,200,1000,1e6","7,14,28,80,200,1000,1e6",-264.240953320553,-264.246933063998,-264.251461659985,-264.254502659726,-264.256795369759,-264.258329697272,-264.25948357363,-264.260833214862,-264.261644802219,-264.262078209622,-264.262186512881,577.7845976724914,415.0674891391719,291.83811458380046,209.0882960585717,146.7004777996831,104.94929921522598,73.55072395786665,36.82511510126792,14.74069805702331,2.947081811505939,0.0
TEGDME,neutral,-770.187898523922,1,True,1e6,1e6,,,,,,,,,,,-770.187898523922,,,,,,,,,,,0.0
TEGDME,cation,-769.962749819797,1,True,1e6,1e6,,,,,,,,,,,-769.962749819797,,,,,,,,,,,0.0
TEGDME,anion,-770.141672896081,1,True,1e6,1e6,,,,,,,,,,,-770.141672896081,,,,,,,,,,,0.0
TMP,neutral,-761.981088238397,11,True,"5,7,10,14,20,28,40,80,200,1000,1e6","7,14,28,80,200,1000,1e6",-761.97847021636,-761.979203001319,-761.979760434544,-761.980135881388,-761.980419513614,-761.980609583544,-761.980752660199,-761.980920148551,-761.981020935809,-761.981074780854,-761.981088238397,71.24000884732774,51.29991429470467,36.13138350216956,25.91495441437726,18.196928360856912,13.024862081893126,9.131547962027467,4.573957721973569,1.8313967153086328,0.36619840025256667,0.0
TMP,cation,-761.678905145478,11,True,"5,7,10,14,20,28,40,80,200,1000,1e6","7,14,28,80,200,1000,1e6",-761.661265387562,-761.666292198702,-761.670069079506,-761.672590296391,-761.674482978615,-761.675745619524,-761.676693049593,-761.677798874605,-761.678462627345,-761.678816706451,-761.678905145478,480.0022659368683,343.21576642227524,240.44160405887976,171.83579759006713,120.3332905543114,85.97508108708082,60.194195538337944,30.103164018918715,12.041531838282113,2.4065485220329443,0.0
TMP,anion,-761.954109330674,11,True,"5,7,10,14,20,28,40,80,200,1000,1e6","7,14,28,80,200,1000,1e6",-761.934512326079,-761.940040592719,-761.944223225345,-761.947029457779,-761.949143676523,-761.950557774334,-761.951620793272,-761.952863663573,-761.953610780039,-761.95400966071,-761.954109330674,533.2616612981496,382.82986248632807,269.01463057522705,192.6531559188751,135.1223330658978,96.64277134134609,67.71655243267996,33.89632861892127,13.566253892969229,2.7121578879480666,0.0
VC,neutral,-341.140756393721,1,True,1e6,1e6,,,,,,,,,,,-341.140756393721,,,,,,,,,,,0.0
VC,cation,-340.886609155124,1,True,1e6,1e6,,,,,,,,,,,-340.886609155124,,,,,,,,,,,0.0
VC,anion,-341.148846247618,1,True,1e6,1e6,,,,,,,,,,,-341.148846247618,,,,,,,,,,,0.0
