row_id,mol_id,species,property,method_before,decision,evidence_kind,evidence_reference,conditions_complete,missing_fields,value_V,uncertainty_base_V,uncertainty_csv_V,uncertainty_recommended_V,matches_rule,notes
1,C04,EC,reduction_potential,est,est,condition_mismatch,10.1149/1.1415547; 10.1088/0957-4484/26/35/354003,False,quotable_primary_value; condition_match:neat_LiPF6_LSV,0.9,0.3,0.5,0.5,True,"Cited primary source measured reduction of DILUTE carbonate in THF with a supporting electrolyte on inert electrodes by CV, not neat solvent + 1 M LiPF6 by LSV; its abstract reports the values only as 'above 1 V', so no exact value can be quoted under this row's conditions. (0.9 V for EC would even conflict with the source's '>1 V'.)"
2,C05,PC,reduction_potential,est,est,condition_mismatch,10.1149/1.1415547; 10.1088/0957-4484/26/35/354003,False,quotable_primary_value; condition_match:neat_LiPF6_LSV,1,0.3,0.5,0.5,True,"Cited primary source measured reduction of DILUTE carbonate in THF with a supporting electrolyte on inert electrodes by CV, not neat solvent + 1 M LiPF6 by LSV; its abstract reports the values only as 'above 1 V', so no exact value can be quoted under this row's conditions."
3,C01,DMC,reduction_potential,est,est,condition_mismatch,10.1149/1.1415547; 10.1088/0957-4484/26/35/354003,False,quotable_primary_value; condition_match:neat_LiPF6_LSV,1,0.3,0.5,0.5,True,"Cited primary source measured reduction of DILUTE carbonate in THF with a supporting electrolyte on inert electrodes by CV, not neat solvent + 1 M LiPF6 by LSV; its abstract reports the values only as 'above 1 V', so no exact value can be quoted under this row's conditions."
4,C02,EMC,reduction_potential,est,est,source_does_not_cover_species,10.1149/1.1415547; 10.1088/0957-4484/26/35/354003,False,quotable_primary_value,1,0.3,0.5,0.5,True,"The five carbonates measured by the cited primary are EC, PC, DEC, DMC and VC; EMC is not among them, so the citation does not support an EMC value. The secondary pointer is a DFT screening, not a measurement."
5,C03,DEC,reduction_potential,est,est,condition_mismatch,10.1149/1.1415547; 10.1088/0957-4484/26/35/354003,False,quotable_primary_value; condition_match:neat_LiPF6_LSV,1,0.3,0.5,0.5,True,"Cited primary source measured reduction of DILUTE carbonate in THF with a supporting electrolyte on inert electrodes by CV, not neat solvent + 1 M LiPF6 by LSV; its abstract reports the values only as 'above 1 V', so no exact value can be quoted under this row's conditions."
6,C06,FEC,reduction_potential,est,est,source_does_not_provide_value,10.1021/acs.chemmater.6b02282; 10.1016/j.jpowsour.2006.07.074,False,quotable_primary_value,1.3,0.4,0.6,0.6,True,Cited source characterises FEC/VC reduction products from chemical (lithium naphthalenide) reduction and reports no electrochemical reduction potential vs Li/Li+; the full text was retrieved and searched. The secondary pointer is a review.
7,C07,VC,reduction_potential,est,est,condition_mismatch,10.1149/1.1415547; 10.1021/acs.chemmater.6b02282,False,quotable_primary_value; condition_match:neat_LiPF6_LSV,1.4,0.4,0.6,0.6,True,"Cited primary source measured reduction of DILUTE carbonate in THF with a supporting electrolyte on inert electrodes by CV, not neat solvent + 1 M LiPF6 by LSV; its abstract reports the values only as 'above 1 V', so no exact value can be quoted under this row's conditions."
8,C08,DME,reduction_potential,est,est,computational_not_retrieved,10.1088/0957-4484/26/35/354003,False,quotable_computed_value; condition_match:isolated_vs_neat,1,0.3,0.5,0.5,True,"Only pointer is a DFT screening of ISOLATED solvents with implicit solvation (a calc-type source); its exact numbers were not retrievable, so this row is not a verbatim copy of a computed value either."
9,C09,DOL,reduction_potential,est,est,computational_not_retrieved,10.1088/0957-4484/26/35/354003,False,quotable_computed_value; condition_match:isolated_vs_neat,1.1,0.3,0.5,0.5,True,"Only pointer is a DFT screening of ISOLATED solvents with implicit solvation (a calc-type source); its exact numbers were not retrievable, so this row is not a verbatim copy of a computed value either."
10,C11,EA,reduction_potential,est,est,computational_not_retrieved,10.1088/0957-4484/26/35/354003,False,quotable_computed_value; condition_match:isolated_vs_neat,1,0.4,0.6,0.6,True,"Only pointer is a DFT screening of ISOLATED solvents with implicit solvation (a calc-type source); its exact numbers were not retrievable, so this row is not a verbatim copy of a computed value either."
11,C12,MA,reduction_potential,est,est,computational_not_retrieved,10.1088/0957-4484/26/35/354003,False,quotable_computed_value; condition_match:isolated_vs_neat,1,0.4,0.6,0.6,True,"Only pointer is a DFT screening of ISOLATED solvents with implicit solvation (a calc-type source); its exact numbers were not retrievable, so this row is not a verbatim copy of a computed value either."
12,C13,GBL,reduction_potential,est,est,computational_not_retrieved,10.1088/0957-4484/26/35/354003,False,quotable_computed_value; condition_match:isolated_vs_neat,0.9,0.3,0.5,0.5,True,"Only pointer is a DFT screening of ISOLATED solvents with implicit solvation (a calc-type source); its exact numbers were not retrievable, so this row is not a verbatim copy of a computed value either."
13,C14,SL,reduction_potential,est,est,mis_citation,10.1149/1.1838419,False,quotable_primary_value,0.9,0.3,0.5,0.5,True,"Cited paper is about an UNSYMMETRIC NONCYCLIC aliphatic sulfone (ethyl methyl sulfone), not the cyclic sulfone sulfolane; it reports a 5.8 V anodic limit for that other solvent and does not give a sulfolane reduction or oxidation value."
14,C15,DMSO,reduction_potential,est,est,review_trend_only,10.1016/j.coelec.2018.10.015,False,quotable_primary_value,1.2,0.5,0.7,0.7,True,"Only pointer is a review/discussion of stability-window prediction; it reports trends, not a condition-controlled per-solvent reduction potential."
15,C16,AN,reduction_potential,est,est,review_trend_only,10.1016/j.coelec.2018.10.015,False,quotable_primary_value,1,0.5,0.7,0.7,True,"Only pointer is a review/discussion of stability-window prediction; it reports trends, not a condition-controlled per-solvent reduction potential."
16,C17,TMP,reduction_potential,est,est,no_reference,,False,quotable_primary_value,1.2,0.4,0.6,0.6,True,source_note names no verification target at all; no traceable reference was identified.
17,C04,EC,oxidation_potential,est,est,solvent_anion_coupling,10.1038/s41467-019-11317-3; 10.1016/j.coelec.2018.10.015,False,quotable_primary_value; condition_match:isolated_vs_coupled,4.5,0.5,0.8,0.8,True,"Fadel et al. show electrolyte oxidation is a solvent-anion charge-transfer process, so the oxidation potential of the ISOLATED solvent is only an upper-bound-like guideline and is not the quantity measured in a real cell; the secondary pointer is a review."
18,C05,PC,oxidation_potential,est,est,solvent_anion_coupling,10.1038/s41467-019-11317-3; 10.1016/j.coelec.2018.10.015,False,quotable_primary_value; condition_match:isolated_vs_coupled,4.6,0.5,0.8,0.8,True,"Fadel et al. show electrolyte oxidation is a solvent-anion charge-transfer process, so the oxidation potential of the ISOLATED solvent is only an upper-bound-like guideline and is not the quantity measured in a real cell; the secondary pointer is a review."
19,C01,DMC,oxidation_potential,est,est,solvent_anion_coupling,10.1038/s41467-019-11317-3; 10.1016/j.coelec.2018.10.015,False,quotable_primary_value; condition_match:isolated_vs_coupled,4.5,0.5,0.8,0.8,True,"Fadel et al. show electrolyte oxidation is a solvent-anion charge-transfer process, so the oxidation potential of the ISOLATED solvent is only an upper-bound-like guideline and is not the quantity measured in a real cell; the secondary pointer is a review."
20,C02,EMC,oxidation_potential,est,est,solvent_anion_coupling,10.1038/s41467-019-11317-3; 10.1016/j.coelec.2018.10.015,False,quotable_primary_value; condition_match:isolated_vs_coupled,4.5,0.5,0.8,0.8,True,"Fadel et al. show electrolyte oxidation is a solvent-anion charge-transfer process, so the oxidation potential of the ISOLATED solvent is only an upper-bound-like guideline and is not the quantity measured in a real cell; the secondary pointer is a review."
21,C03,DEC,oxidation_potential,est,est,solvent_anion_coupling,10.1038/s41467-019-11317-3; 10.1016/j.coelec.2018.10.015,False,quotable_primary_value; condition_match:isolated_vs_coupled,4.5,0.5,0.8,0.8,True,"Fadel et al. show electrolyte oxidation is a solvent-anion charge-transfer process, so the oxidation potential of the ISOLATED solvent is only an upper-bound-like guideline and is not the quantity measured in a real cell; the secondary pointer is a review."
22,C06,FEC,oxidation_potential,est,est,solvent_anion_coupling,10.1038/s41467-019-11317-3; 10.1016/j.coelec.2018.10.015,False,quotable_primary_value; condition_match:isolated_vs_coupled,4.7,0.5,0.8,0.8,True,"Fadel et al. show electrolyte oxidation is a solvent-anion charge-transfer process, so the oxidation potential of the ISOLATED solvent is only an upper-bound-like guideline and is not the quantity measured in a real cell; the secondary pointer is a review."
23,C07,VC,oxidation_potential,est,est,solvent_anion_coupling,10.1038/s41467-019-11317-3; 10.1016/j.coelec.2018.10.015,False,quotable_primary_value; condition_match:isolated_vs_coupled,4.5,0.5,0.8,0.8,True,"Fadel et al. show electrolyte oxidation is a solvent-anion charge-transfer process, so the oxidation potential of the ISOLATED solvent is only an upper-bound-like guideline and is not the quantity measured in a real cell; the secondary pointer is a review."
24,C08,DME,oxidation_potential,est,est,review_trend_only,10.1016/j.coelec.2018.10.015,False,quotable_primary_value,4,0.5,0.8,0.8,True,"Only pointer is a review; it gives ether-vs-carbonate trends, not a quotable per-solvent oxidation potential."
25,C09,DOL,oxidation_potential,est,est,review_trend_only,10.1016/j.coelec.2018.10.015,False,quotable_primary_value,4.1,0.5,0.8,0.8,True,"Only pointer is a review; it gives ether-vs-carbonate trends, not a quotable per-solvent oxidation potential."
26,C11,EA,oxidation_potential,est,est,no_reference,,False,quotable_primary_value,4.4,0.5,0.8,0.8,True,source_note names no verification target at all; no traceable reference was identified.
27,C13,GBL,oxidation_potential,est,est,no_reference,,False,quotable_primary_value,4.5,0.5,0.8,0.8,True,source_note names no verification target at all; no traceable reference was identified.
28,C14,SL,oxidation_potential,est,est,mis_citation,10.1149/1.1838419,False,quotable_primary_value,4.9,0.5,0.8,0.8,True,"Cited paper is about an UNSYMMETRIC NONCYCLIC aliphatic sulfone (ethyl methyl sulfone), not the cyclic sulfone sulfolane; it reports a 5.8 V anodic limit for that other solvent and does not give a sulfolane reduction or oxidation value."
29,C15,DMSO,oxidation_potential,est,est,no_reference,,False,quotable_primary_value,4.3,0.4,0.7,0.7,True,source_note names no verification target at all; no traceable reference was identified.
30,C16,AN,oxidation_potential,est,est,review_trend_only,10.1016/j.jpowsour.2006.07.074,False,quotable_primary_value,4.7,0.5,0.8,0.8,True,Only pointer is a review of electrolyte additives; no condition-controlled per-solvent oxidation potential.
31,C17,TMP,oxidation_potential,est,est,no_reference,,False,quotable_primary_value,4.6,0.5,0.8,0.8,True,source_note names no verification target at all; no traceable reference was identified.
