population,rung,axis,n,n_pairs,tau_b,sigma_median_ev,f_unresolved_before_z1,f_unresolved_after_z1,f_robust_inv_z1,f_unresolved_after_z1p96,f_robust_inv_z1p96,n_resolved_both_z1,n_robust_inv_z1,n_sign_flip_pairs,n_sign_flip_unresolved,f_p_unresolved,f_p_decided_gt0p9,f_p_decided_lt0p1,f_unresolved_at_z_phi09,jaccard_10pct,jaccard_20pct,jaccard_30pct,overlap_10pct,overlap_20pct,overlap_30pct,stored_f_robust_inv_z1,stored_f_robust_inv_z1p96,stored_f_unresolved_after_z1,stored_jaccard_20pct,recomputed_minus_stored_jaccard_20pct
common10,P0_to_P1,oxidation,10,45,0.7333,0.2709,0.4,0.1333,0.0,0.3111,0.0,24,0,6,6,0.2,0.3556,0.4444,0.2,0.0,0.0,0.5,0.0,0.0,0.6667,0.0,0.0,0.1333,0.0,0.0
common10,P0_to_P1,reduction,10,45,0.6,1.422,0.1778,0.7333,0.0,0.8,0.0,7,0,9,9,0.7778,0.2222,0.0,0.7778,0.0,1.0,0.5,0.0,1.0,0.6667,0.0,0.0,0.7333,1.0,0.0
common10,P1_to_P2,oxidation,10,45,0.9111,0.2108,0.06667,0.1111,0.0,0.2222,0.0,38,0,2,2,0.1111,0.4,0.4889,0.1111,1.0,1.0,0.5,1.0,1.0,0.6667,0.0,0.0,0.1111,1.0,0.0
common10,P1_to_P2,reduction,10,45,0.7778,0.213,0.08889,0.2,0.0,0.3778,0.0,33,0,5,5,0.2444,0.4889,0.2667,0.2444,0.0,1.0,0.5,0.0,1.0,0.6667,0.0,0.0,0.2,1.0,0.0
common10,G1_to_G2,oxidation,10,45,0.9556,0.04335,0.02222,0.02222,0.0,0.02222,0.0,43,0,1,1,0.02222,0.4667,0.5111,0.02222,1.0,1.0,1.0,1.0,1.0,1.0,0.0,0.0,0.02222,1.0,0.0
common10,G1_to_G2,reduction,10,45,0.8667,0.05342,0.02222,0.06667,0.0,0.1111,0.0,42,0,3,3,0.06667,0.6667,0.2667,0.06667,1.0,1.0,0.5,1.0,1.0,0.6667,0.0,0.0,0.06667,1.0,0.0
common10,C0_to_C1,oxidation,10,45,0.6889,0.4198,0.1778,0.2,0.0,0.4222,0.0,30,0,7,7,0.2889,0.3778,0.3333,0.2889,1.0,1.0,0.5,1.0,1.0,0.6667,0.0,0.0,0.2,1.0,0.0
common10,C0_to_C1,reduction,10,45,-0.4667,0.6331,0.4444,0.8,0.0,0.8444,0.0,4,0,33,33,0.8222,0.06667,0.1111,0.8222,0.0,0.0,0.2,0.0,0.0,0.3333,0.0,0.0,0.8,0.0,0.0
common10,C1_to_C2,oxidation,10,45,0.8667,0.1925,0.1333,0.08889,0.0,0.2,0.0,36,0,3,3,0.1111,0.5111,0.3778,0.1111,1.0,1.0,1.0,1.0,1.0,1.0,0.0,0.0,0.08889,1.0,0.0
common10,C1_to_C2,reduction,10,45,0.2889,0.1764,0.3556,0.3556,0.0,0.6222,0.0,18,0,16,16,0.4444,0.2444,0.3111,0.4444,0.0,0.0,0.5,0.0,0.0,0.6667,0.0,0.0,0.3556,0.0,0.0
native,P0_to_P1,oxidation,18,153,0.6732,0.2841,0.3595,0.1569,0.0,0.3595,0.0,83,0,25,25,0.2222,0.3922,0.3856,0.2222,0.0,0.3333,0.4286,0.0,0.5,0.6,0.0,0.0,0.1569,0.3333,0.0
native,P0_to_P1,reduction,18,153,0.5948,0.7857,0.1699,0.6209,0.0,0.6993,0.0,44,0,31,31,0.6405,0.3137,0.04575,0.6405,1.0,0.3333,0.25,1.0,0.5,0.4,0.0,0.0,0.6209,0.3333,0.0
native,P1_to_P2,oxidation,18,153,0.8954,0.1984,0.0915,0.1111,0.0,0.2549,0.0,125,0,8,8,0.1569,0.451,0.3922,0.1569,1.0,0.6,0.6667,1.0,0.75,0.8,0.0,0.0,0.1111,0.6,0.0
native,P1_to_P2,reduction,18,153,0.6732,0.2168,0.2353,0.2222,0.0,0.4248,0.0,94,0,25,25,0.2614,0.4837,0.2549,0.2614,0.3333,0.3333,0.4286,0.5,0.5,0.6,0.0,0.0,0.2222,0.3333,0.0
native,G1_to_G2,oxidation,12,66,0.9394,0.04173,0.01515,0.0303,0.0,0.0303,0.0,63,0,2,2,0.0303,0.4697,0.5,0.0303,1.0,1.0,0.6,1.0,1.0,0.75,0.0,0.0,0.0303,1.0,0.0
native,G1_to_G2,reduction,12,66,0.8485,0.04163,0.04545,0.06061,0.0,0.1515,0.0,61,0,5,5,0.07576,0.6364,0.2879,0.07576,1.0,1.0,0.6,1.0,1.0,0.75,0.0,0.0,0.06061,1.0,0.0
native,C0_to_C1,oxidation,10,45,0.6889,0.4198,0.1778,0.2,0.0,0.4222,0.0,30,0,7,7,0.2889,0.3778,0.3333,0.2889,1.0,1.0,0.5,1.0,1.0,0.6667,0.0,0.0,0.2,1.0,0.0
native,C0_to_C1,reduction,10,45,-0.4667,0.6331,0.4444,0.8,0.0,0.8444,0.0,4,0,33,33,0.8222,0.06667,0.1111,0.8222,0.0,0.0,0.2,0.0,0.0,0.3333,0.0,0.0,0.8,0.0,0.0
native,C1_to_C2,oxidation,10,45,0.8667,0.1925,0.1333,0.08889,0.0,0.2,0.0,36,0,3,3,0.1111,0.5111,0.3778,0.1111,1.0,1.0,1.0,1.0,1.0,1.0,0.0,0.0,0.08889,1.0,0.0
native,C1_to_C2,reduction,10,45,0.2889,0.1764,0.3556,0.3556,0.0,0.6222,0.0,18,0,16,16,0.4444,0.2444,0.3111,0.4444,0.0,0.0,0.5,0.0,0.0,0.6667,0.0,0.0,0.3556,0.0,0.0
