comparison,scope,axis,n_molecules,common_set_label,n_pairs,k_fraction,k,selected_lower,selected_upper,overlap,jaccard,selection_regret_ev,kendall_tau_b,spearman_rho,f_unresolved_lower,f_unresolved_upper,f_unresolved_lower_z1p96,f_unresolved_upper_z1p96,n_stable,n_unresolved,n_robust_inversion,f_robust_inversion
P0_to_P1v,all,oxidation,18,core18,153,0.1,2,FEC;EC,AN;SN,0.0,0.0,0.8261736886713056,0.673202614379085,0.803921568627451,0.35947712418300654,0.1568627450980392,0.5490196078431373,0.35947712418300654,83,70,0,0.0
P0_to_P1v,all,oxidation,18,core18,153,0.2,4,FEC;DMC;PC;EC,AN;FEC;SN;EC,0.5,0.3333333333333333,0.6563409603097892,0.673202614379085,0.803921568627451,0.35947712418300654,0.1568627450980392,0.5490196078431373,0.35947712418300654,83,70,0,0.0
P0_to_P1v,all,oxidation,18,core18,153,0.3,5,DMC;EC;EMC;FEC;PC,AN;DMC;EC;FEC;SN,0.6,0.42857142857142855,0.6007299338335521,0.673202614379085,0.803921568627451,0.35947712418300654,0.1568627450980392,0.5490196078431373,0.35947712418300654,83,70,0,0.0
P0_to_P1v,all,reduction,18,core18,153,0.1,2,DME;DOL,DME;DOL,1.0,1.0,0.0,0.5947712418300654,0.7997936016511867,0.16993464052287582,0.6209150326797386,0.7058823529411765,0.6993464052287581,44,109,0,0.0
P0_to_P1v,all,reduction,18,core18,153,0.2,4,TMP;DME;DOL;TEGDME,DEC;DMC;DME;DOL,0.5,0.3333333333333333,0.26302206949600393,0.5947712418300654,0.7997936016511867,0.16993464052287582,0.6209150326797386,0.7058823529411765,0.6993464052287581,44,109,0,0.0
P0_to_P1v,all,reduction,18,core18,153,0.3,5,DME;DOL;SL;TEGDME;TMP,DEC;DMC;DME;DOL;EMC,0.4,0.25,0.2782747328099009,0.5947712418300654,0.7997936016511867,0.16993464052287582,0.6209150326797386,0.7058823529411765,0.6993464052287581,44,109,0,0.0
P1v_to_P1a,all,oxidation,12,audit12,66,0.1,1,AN,AN,1.0,1.0,0.0,0.7878787878787878,0.9230769230769231,0.12121212121212122,0.12121212121212122,0.16666666666666666,0.15151515151515152,55,11,0,0.0
P1v_to_P1a,all,oxidation,12,audit12,66,0.2,2,AN;SN,AN;SN,1.0,1.0,0.0,0.7878787878787878,0.9230769230769231,0.12121212121212122,0.12121212121212122,0.16666666666666666,0.15151515151515152,55,11,0,0.0
P1v_to_P1a,all,oxidation,12,audit12,66,0.3,4,AN;DMC;SN;EC,AN;PC;SN;EC,0.75,0.6,0.009977861251359244,0.7878787878787878,0.9230769230769231,0.12121212121212122,0.12121212121212122,0.16666666666666666,0.15151515151515152,55,11,0,0.0
P1v_to_P2a,all,oxidation,18,core18,153,0.1,2,AN;SN,AN;SN,1.0,1.0,0.0,0.8954248366013072,0.9628482972136223,0.0915032679738562,0.1111111111111111,0.20261437908496732,0.2549019607843137,125,28,0,0.0
P1v_to_P2a,all,oxidation,18,core18,153,0.2,4,AN;FEC;SN;EC,AN;FEC;DMC;SN,0.75,0.6,0.027233657779254017,0.8954248366013072,0.9628482972136223,0.0915032679738562,0.1111111111111111,0.20261437908496732,0.2549019607843137,125,28,0,0.0
P1v_to_P2a,all,oxidation,18,core18,153,0.3,5,AN;DMC;EC;FEC;SN,AN;DMC;FEC;SN;TMP,0.8,0.6666666666666666,0.015342152634037376,0.8954248366013072,0.9628482972136223,0.0915032679738562,0.1111111111111111,0.20261437908496732,0.2549019607843137,125,28,0,0.0
P1v_to_P2a,all,reduction,18,core18,153,0.1,2,DME;DOL,DME;TEGDME,0.5,0.3333333333333333,0.03704393715119303,0.673202614379085,0.826625386996904,0.23529411764705882,0.2222222222222222,0.43790849673202614,0.42483660130718953,94,59,0,0.0
P1v_to_P2a,all,reduction,18,core18,153,0.2,4,DEC;DMC;DME;DOL,SL;DME;DOL;TEGDME,0.5,0.3333333333333333,0.17519997635603124,0.673202614379085,0.826625386996904,0.23529411764705882,0.2222222222222222,0.43790849673202614,0.42483660130718953,94,59,0,0.0
P1v_to_P2a,all,reduction,18,core18,153,0.3,5,DEC;DMC;DME;DOL;EMC,DMC;DME;DOL;SL;TEGDME,0.6,0.42857142857142855,0.22174265785023017,0.673202614379085,0.826625386996904,0.23529411764705882,0.2222222222222222,0.43790849673202614,0.42483660130718953,94,59,0,0.0
P1v_to_P2eps10,all,oxidation,12,audit12,66,0.1,1,AN,AN,1.0,1.0,0.0,0.9090909090909091,0.972027972027972,0.07575757575757576,0.13636363636363635,0.16666666666666666,0.19696969696969696,53,13,0,0.0
P1v_to_P2eps10,all,oxidation,12,audit12,66,0.2,2,AN;SN,AN;SN,1.0,1.0,0.0,0.9090909090909091,0.972027972027972,0.07575757575757576,0.13636363636363635,0.16666666666666666,0.19696969696969696,53,13,0,0.0
P1v_to_P2eps10,all,oxidation,12,audit12,66,0.3,4,AN;DMC;SN;EC,AN;DMC;SN;EC,1.0,1.0,0.0,0.9090909090909091,0.972027972027972,0.07575757575757576,0.13636363636363635,0.16666666666666666,0.19696969696969696,53,13,0,0.0
P1v_to_P2eps10,all,reduction,12,audit12,66,0.1,1,DOL,DOL,1.0,1.0,0.0,0.8484848484848485,0.9230769230769231,0.09090909090909091,0.25757575757575757,0.3333333333333333,0.3939393939393939,46,20,0,0.0
P1v_to_P2eps10,all,reduction,12,audit12,66,0.2,2,DME;DOL,DME;DOL,1.0,1.0,0.0,0.8484848484848485,0.9230769230769231,0.09090909090909091,0.25757575757575757,0.3333333333333333,0.3939393939393939,46,20,0,0.0
P1v_to_P2eps10,all,reduction,12,audit12,66,0.3,4,DMC;DME;DOL;EMC,SL;DME;DOL;DMC,0.75,0.6,0.06594031299216896,0.8484848484848485,0.9230769230769231,0.09090909090909091,0.25757575757575757,0.3333333333333333,0.3939393939393939,46,20,0,0.0
P0_to_P2a,all,oxidation,18,core18,153,0.1,2,FEC;EC,AN;SN,0.0,0.0,0.6777196163635644,0.673202614379085,0.8142414860681114,0.3006535947712418,0.22875816993464052,0.5032679738562091,0.41830065359477125,84,69,0,0.0
P0_to_P2a,all,oxidation,18,core18,153,0.2,4,FEC;DMC;PC;EC,AN;FEC;DMC;SN,0.5,0.3333333333333333,0.544838984289477,0.673202614379085,0.8142414860681114,0.3006535947712418,0.22875816993464052,0.5032679738562091,0.41830065359477125,84,69,0,0.0
P0_to_P2a,all,oxidation,18,core18,153,0.3,5,DMC;EC;EMC;FEC;PC,AN;DMC;FEC;SN;TMP,0.4,0.25,0.4643865496417128,0.673202614379085,0.8142414860681114,0.3006535947712418,0.22875816993464052,0.5032679738562091,0.41830065359477125,84,69,0,0.0
P0_to_P2a,all,reduction,18,core18,153,0.1,2,DME;DOL,DME;TEGDME,0.5,0.3333333333333333,0.03704393715119303,0.7908496732026143,0.9195046439628483,0.10457516339869281,0.6797385620915033,0.6666666666666666,0.7450980392156863,40,113,0,0.0
P0_to_P2a,all,reduction,18,core18,153,0.2,4,TMP;DME;DOL;TEGDME,SL;DME;DOL;TEGDME,0.75,0.6,0.04446675916053522,0.7908496732026143,0.9195046439628483,0.10457516339869281,0.6797385620915033,0.6666666666666666,0.7450980392156863,40,113,0,0.0
P0_to_P2a,all,reduction,18,core18,153,0.3,5,DME;DOL;SL;TEGDME;TMP,DMC;DME;DOL;SL;TEGDME,0.8,0.6666666666666666,0.025658916349243555,0.7908496732026143,0.9195046439628483,0.10457516339869281,0.6797385620915033,0.6666666666666666,0.7450980392156863,40,113,0,0.0
C0_to_C1,all,oxidation,10,subset10,45,0.1,1,AN,AN,1.0,1.0,0.0,0.6888888888888889,0.7696969696969697,0.17777777777777778,0.2,0.28888888888888886,0.4222222222222222,30,15,0,0.0
C0_to_C1,all,oxidation,10,subset10,45,0.2,2,AN;SN,AN;SN,1.0,1.0,0.0,0.6888888888888889,0.7696969696969697,0.17777777777777778,0.2,0.28888888888888886,0.4222222222222222,30,15,0,0.0
C0_to_C1,all,oxidation,10,subset10,45,0.3,3,AN;SN;EC,AN;SN;DOL,0.6666666666666666,0.5,0.14473999999999876,0.6888888888888889,0.7696969696969697,0.17777777777777778,0.2,0.28888888888888886,0.4222222222222222,30,15,0,0.0
C0_to_C1,primary,oxidation,6,subset06,15,0.1,1,EC,EC,1.0,1.0,0.0,0.7333333333333333,0.8285714285714286,0.13333333333333333,0.26666666666666666,0.3333333333333333,0.6,9,6,0,0.0
C0_to_C1,primary,oxidation,6,subset06,15,0.2,1,EC,EC,1.0,1.0,0.0,0.7333333333333333,0.8285714285714286,0.13333333333333333,0.26666666666666666,0.3333333333333333,0.6,9,6,0,0.0
C0_to_C1,primary,oxidation,6,subset06,15,0.3,2,DMC;EC,DMC;EC,1.0,1.0,0.0,0.7333333333333333,0.8285714285714286,0.13333333333333333,0.26666666666666666,0.3333333333333333,0.6,9,6,0,0.0
C0_to_C1,all,reduction,10,subset10,45,0.1,1,DOL,SN,0.0,0.0,0.8254129999999997,-0.4666666666666667,-0.5515151515151515,0.4444444444444444,0.8,0.8666666666666667,0.8444444444444444,4,41,0,0.0
C0_to_C1,all,reduction,10,subset10,45,0.2,2,DME;DOL,SN;SL,0.0,0.0,0.4572809999999996,-0.4666666666666667,-0.5515151515151515,0.4444444444444444,0.8,0.8666666666666667,0.8444444444444444,4,41,0,0.0
C0_to_C1,all,reduction,10,subset10,45,0.3,3,AN;DME;DOL,SN;DME;SL,0.3333333333333333,0.2,0.457336333333334,-0.4666666666666667,-0.5515151515151515,0.4444444444444444,0.8,0.8666666666666667,0.8444444444444444,4,41,0,0.0
C1_to_C2,all,oxidation,10,subset10,45,0.1,1,AN,AN,1.0,1.0,0.0,0.8666666666666667,0.9515151515151515,0.13333333333333333,0.08888888888888889,0.17777777777777778,0.2,36,9,0,0.0
C1_to_C2,all,oxidation,10,subset10,45,0.2,2,AN;SN,AN;SN,1.0,1.0,0.0,0.8666666666666667,0.9515151515151515,0.13333333333333333,0.08888888888888889,0.17777777777777778,0.2,36,9,0,0.0
C1_to_C2,all,oxidation,10,subset10,45,0.3,3,AN;SN;DOL,AN;SN;DOL,1.0,1.0,0.0,0.8666666666666667,0.9515151515151515,0.13333333333333333,0.08888888888888889,0.17777777777777778,0.2,36,9,0,0.0
C1_to_C2,primary,oxidation,6,subset06,15,0.1,1,EC,DMC,0.0,0.0,0.10204653860487589,0.6,0.7714285714285715,0.26666666666666666,0.26666666666666666,0.4,0.4666666666666667,8,7,0,0.0
C1_to_C2,primary,oxidation,6,subset06,15,0.2,1,EC,DMC,0.0,0.0,0.10204653860487589,0.6,0.7714285714285715,0.26666666666666666,0.26666666666666666,0.4,0.4666666666666667,8,7,0,0.0
C1_to_C2,primary,oxidation,6,subset06,15,0.3,2,DMC;EC,DMC;EC,1.0,1.0,0.0,0.6,0.7714285714285715,0.26666666666666666,0.26666666666666666,0.4,0.4666666666666667,8,7,0,0.0
C1_to_C2,all,reduction,10,subset10,45,0.1,1,SN,DME,0.0,0.0,0.8731582660923756,0.28888888888888886,0.2727272727272727,0.35555555555555557,0.35555555555555557,0.5777777777777777,0.6222222222222222,18,27,0,0.0
C1_to_C2,all,reduction,10,subset10,45,0.2,2,SN;SL,DME;EC,0.0,0.0,0.5143262513008304,0.28888888888888886,0.2727272727272727,0.35555555555555557,0.35555555555555557,0.5777777777777777,0.6222222222222222,18,27,0,0.0
C1_to_C2,all,reduction,10,subset10,45,0.3,3,SN;DME;SL,DME;EC;SL,0.6666666666666666,0.5,0.19262469764195966,0.28888888888888886,0.2727272727272727,0.35555555555555557,0.35555555555555557,0.5777777777777777,0.6222222222222222,18,27,0,0.0
