mol_id,name,motif,states,note
C01,DMC,one representative C1 motif,LiM_plus; LiM_2plus,charged complexes that fail to form a complete state (e.g. a 2+ state where Li dissociates) are recorded as a QC outcome; motifs are not swapped until a number is obtained
C02,EMC,one representative C1 motif,LiM_plus; LiM_2plus,charged complexes that fail to form a complete state (e.g. a 2+ state where Li dissociates) are recorded as a QC outcome; motifs are not swapped until a number is obtained
C03,DEC,one representative C1 motif,LiM_plus; LiM_2plus,charged complexes that fail to form a complete state (e.g. a 2+ state where Li dissociates) are recorded as a QC outcome; motifs are not swapped until a number is obtained
C04,EC,one representative C1 motif,LiM_plus; LiM_2plus,charged complexes that fail to form a complete state (e.g. a 2+ state where Li dissociates) are recorded as a QC outcome; motifs are not swapped until a number is obtained
C05,PC,one representative C1 motif,LiM_plus; LiM_2plus,charged complexes that fail to form a complete state (e.g. a 2+ state where Li dissociates) are recorded as a QC outcome; motifs are not swapped until a number is obtained
C08,DME,one representative C1 motif,LiM_plus; LiM_2plus,charged complexes that fail to form a complete state (e.g. a 2+ state where Li dissociates) are recorded as a QC outcome; motifs are not swapped until a number is obtained
C09,DOL,one representative C1 motif,LiM_plus; LiM_2plus,charged complexes that fail to form a complete state (e.g. a 2+ state where Li dissociates) are recorded as a QC outcome; motifs are not swapped until a number is obtained
C13,GBL,one representative C1 motif,LiM_plus; LiM_2plus,charged complexes that fail to form a complete state (e.g. a 2+ state where Li dissociates) are recorded as a QC outcome; motifs are not swapped until a number is obtained
C14,SL,one representative C1 motif,LiM_plus; LiM_2plus,charged complexes that fail to form a complete state (e.g. a 2+ state where Li dissociates) are recorded as a QC outcome; motifs are not swapped until a number is obtained
C15,DMSO,one representative C1 motif,LiM_plus; LiM_2plus,charged complexes that fail to form a complete state (e.g. a 2+ state where Li dissociates) are recorded as a QC outcome; motifs are not swapped until a number is obtained
C16,AN,one representative C1 motif,LiM_plus; LiM_2plus,charged complexes that fail to form a complete state (e.g. a 2+ state where Li dissociates) are recorded as a QC outcome; motifs are not swapped until a number is obtained
C17,TMP,one representative C1 motif,LiM_plus; LiM_2plus,charged complexes that fail to form a complete state (e.g. a 2+ state where Li dissociates) are recorded as a QC outcome; motifs are not swapped until a number is obtained
