name,motif_id,state,charge,multiplicity,status,seconds,n_modes,n_imaginary,imaginary_modes_cm,lowest_nonzero_modes_cm,lowest_modes_cm,is_minimum,normal_termination,scf_converged,qc_flags,error
EC,m1,cation,1,1,ok,,33,1,-80.38,-80.38;60.51;64.87;223.87,0.00;0.00;0.00;0.00;0.00;0.00,False,,,imaginary_mode_unresolved,
DMC,m1,cation,1,1,ok,,39,0,,96.44;110.90;147.74;149.33,0.00;0.00;0.00;0.00;0.00;0.00,True,,,,
DME,m1,cation,1,1,ok,,51,0,,75.14;123.27;161.34;172.58,0.00;0.00;0.00;0.00;0.00;0.00,True,,,,
DOL,m1,cation,1,1,ok,,36,0,,163.36;207.13;245.75;404.14,0.00;0.00;0.00;0.00;0.00;0.00,True,,,,
GBL,m1,cation,1,1,ok,,39,0,,82.89;99.82;176.59;224.65,0.00;0.00;0.00;0.00;0.00;0.00,True,,,,
SL,m1,cation,1,1,ok,,48,0,,64.33;144.85;219.07;220.06,0.00;0.00;0.00;0.00;0.00;0.00,True,,,,
DMSO,m1,cation,1,1,ok,,33,0,,117.83;127.25;186.01;235.48,0.00;0.00;0.00;0.00;0.00;0.00,True,,,,
AN,m1,cation,1,1,ok,,21,0,,130.84;131.19;411.12;411.42,0.00;0.00;0.00;0.00;0.00;0.00,True,,,,
SN,m1,cation,1,1,ok,,33,0,,109.61;156.58;205.30;237.25,0.00;0.00;0.00;0.00;0.00;0.00,True,,,,
TMP,m1,cation,1,1,ok,,54,0,,55.95;58.17;78.52;81.03,0.00;0.00;0.00;0.00;0.00;0.00,True,,,,
