job_id,mol_id,name,state,setting_id,basis,cores,wall_sec,core_hours,phase
A001,C01,DMC,M,S1,def2-TZVP,4,24.0,0.026667,orca_audit_single_point
A002,C01,DMC,M,S2,def2-TZVPD,4,36.9,0.041000,orca_audit_single_point
A003,C01,DMC,M,S3,def2-TZVP,4,16.0,0.017778,orca_audit_single_point
A004,C01,DMC,M,S4,def2-TZVPD,4,23.2,0.025778,orca_audit_single_point
A005,C01,DMC,M_plus,S1,def2-TZVP,4,27.7,0.030778,orca_audit_single_point
A006,C01,DMC,M_plus,S2,def2-TZVPD,4,43.9,0.048778,orca_audit_single_point
A007,C01,DMC,M_plus,S3,def2-TZVP,4,18.4,0.020444,orca_audit_single_point
A008,C01,DMC,M_plus,S4,def2-TZVPD,4,28.0,0.031111,orca_audit_single_point
A009,C01,DMC,LiM_plus,S1,def2-TZVP,4,27.0,0.030000,orca_audit_single_point
A010,C01,DMC,LiM_plus,S2,def2-TZVPD,4,42.8,0.047556,orca_audit_single_point
A011,C01,DMC,LiM_plus,S3,def2-TZVP,4,17.7,0.019667,orca_audit_single_point
A012,C01,DMC,LiM_plus,S4,def2-TZVPD,4,26.7,0.029667,orca_audit_single_point
A013,C01,DMC,LiM_2plus,S1,def2-TZVP,4,31.3,0.034778,orca_audit_single_point
A014,C01,DMC,LiM_2plus,S2,def2-TZVPD,4,50.5,0.056111,orca_audit_single_point
A015,C01,DMC,LiM_2plus,S3,def2-TZVP,4,20.3,0.022556,orca_audit_single_point
A016,C01,DMC,LiM_2plus,S4,def2-TZVPD,4,32.2,0.035778,orca_audit_single_point
A017,C02,EMC,M,S1,def2-TZVP,4,49.0,0.054444,orca_audit_single_point
A018,C02,EMC,M,S2,def2-TZVPD,4,88.5,0.098333,orca_audit_single_point
A019,C02,EMC,M,S3,def2-TZVP,4,39.2,0.043556,orca_audit_single_point
A020,C02,EMC,M,S4,def2-TZVPD,4,57.2,0.063556,orca_audit_single_point
A021,C02,EMC,M_plus,S1,def2-TZVP,4,263.6,0.292889,orca_audit_single_point
A022,C02,EMC,M_plus,S2,def2-TZVPD,4,364.5,0.405000,orca_audit_single_point
A023,C02,EMC,M_plus,S3,def2-TZVP,4,68.7,0.076333,orca_audit_single_point
A024,C02,EMC,M_plus,S4,def2-TZVPD,4,125.0,0.138889,orca_audit_single_point
A025,C02,EMC,LiM_plus,S1,def2-TZVP,4,65.3,0.072556,orca_audit_single_point
A026,C02,EMC,LiM_plus,S2,def2-TZVPD,4,101.9,0.113222,orca_audit_single_point
A027,C02,EMC,LiM_plus,S3,def2-TZVP,4,42.2,0.046889,orca_audit_single_point
A028,C02,EMC,LiM_plus,S4,def2-TZVPD,4,63.2,0.070222,orca_audit_single_point
A029,C02,EMC,LiM_2plus,S1,def2-TZVP,4,102.7,0.114111,orca_audit_single_point
A030,C02,EMC,LiM_2plus,S2,def2-TZVPD,4,171.1,0.190111,orca_audit_single_point
A031,C02,EMC,LiM_2plus,S3,def2-TZVP,4,41.7,0.046333,orca_audit_single_point
A032,C02,EMC,LiM_2plus,S4,def2-TZVPD,4,72.3,0.080333,orca_audit_single_point
A033,C04,EC,M,S1,def2-TZVP,4,26.6,0.029556,orca_audit_single_point
A034,C04,EC,M,S2,def2-TZVPD,4,41.3,0.045889,orca_audit_single_point
A035,C04,EC,M,S3,def2-TZVP,4,19.0,0.021111,orca_audit_single_point
A036,C04,EC,M,S4,def2-TZVPD,4,24.1,0.026778,orca_audit_single_point
A037,C04,EC,M_plus,S1,def2-TZVP,4,26.1,0.029000,orca_audit_single_point
A038,C04,EC,M_plus,S2,def2-TZVPD,4,40.4,0.044889,orca_audit_single_point
A039,C04,EC,M_plus,S3,def2-TZVP,4,17.9,0.019889,orca_audit_single_point
A040,C04,EC,M_plus,S4,def2-TZVPD,4,27.3,0.030333,orca_audit_single_point
A041,C04,EC,LiM_plus,S1,def2-TZVP,4,27.3,0.030333,orca_audit_single_point
A042,C04,EC,LiM_plus,S2,def2-TZVPD,4,41.2,0.045778,orca_audit_single_point
A043,C04,EC,LiM_plus,S3,def2-TZVP,4,17.8,0.019778,orca_audit_single_point
A044,C04,EC,LiM_plus,S4,def2-TZVPD,4,24.6,0.027333,orca_audit_single_point
A045,C04,EC,LiM_2plus,S1,def2-TZVP,4,29.4,0.032667,orca_audit_single_point
A046,C04,EC,LiM_2plus,S2,def2-TZVPD,4,43.8,0.048667,orca_audit_single_point
A047,C04,EC,LiM_2plus,S3,def2-TZVP,4,17.5,0.019444,orca_audit_single_point
A048,C04,EC,LiM_2plus,S4,def2-TZVPD,4,24.2,0.026889,orca_audit_single_point
A049,C08,DME,M,S1,def2-TZVP,4,47.4,0.052667,orca_audit_single_point
A050,C08,DME,M,S2,def2-TZVPD,4,79.1,0.087889,orca_audit_single_point
A051,C08,DME,M,S3,def2-TZVP,4,33.8,0.037556,orca_audit_single_point
A052,C08,DME,M,S4,def2-TZVPD,4,47.8,0.053111,orca_audit_single_point
A053,C08,DME,M_plus,S1,def2-TZVP,4,104.4,0.116000,orca_audit_single_point
A054,C08,DME,M_plus,S2,def2-TZVPD,4,174.3,0.193667,orca_audit_single_point
A055,C08,DME,M_plus,S3,def2-TZVP,4,43.3,0.048111,orca_audit_single_point
A056,C08,DME,M_plus,S4,def2-TZVPD,4,70.3,0.078111,orca_audit_single_point
A057,C08,DME,LiM_plus,S1,def2-TZVP,4,61.1,0.067889,orca_audit_single_point
A058,C08,DME,LiM_plus,S2,def2-TZVPD,4,96.6,0.107333,orca_audit_single_point
A059,C08,DME,LiM_plus,S3,def2-TZVP,4,35.9,0.039889,orca_audit_single_point
A060,C08,DME,LiM_plus,S4,def2-TZVPD,4,52.0,0.057778,orca_audit_single_point
A061,C08,DME,LiM_2plus,S1,def2-TZVP,4,67.4,0.074889,orca_audit_single_point
A062,C08,DME,LiM_2plus,S2,def2-TZVPD,4,113.0,0.125556,orca_audit_single_point
A063,C08,DME,LiM_2plus,S3,def2-TZVP,4,43.2,0.048000,orca_audit_single_point
A064,C08,DME,LiM_2plus,S4,def2-TZVPD,4,62.1,0.069000,orca_audit_single_point
A065,C13,GBL,M,S1,def2-TZVP,4,44.0,0.048889,orca_audit_single_point
A066,C13,GBL,M,S2,def2-TZVPD,4,61.6,0.068444,orca_audit_single_point
A067,C13,GBL,M,S3,def2-TZVP,4,29.6,0.032889,orca_audit_single_point
A068,C13,GBL,M,S4,def2-TZVPD,4,39.9,0.044333,orca_audit_single_point
A069,C13,GBL,M_plus,S1,def2-TZVP,4,77.1,0.085667,orca_audit_single_point
A070,C13,GBL,M_plus,S2,def2-TZVPD,4,113.5,0.126111,orca_audit_single_point
A071,C13,GBL,M_plus,S3,def2-TZVP,4,64.4,0.071556,orca_audit_single_point
A072,C13,GBL,M_plus,S4,def2-TZVPD,4,72.2,0.080222,orca_audit_single_point
A073,C13,GBL,LiM_plus,S1,def2-TZVP,4,37.1,0.041222,orca_audit_single_point
A074,C13,GBL,LiM_plus,S2,def2-TZVPD,4,57.1,0.063444,orca_audit_single_point
A075,C13,GBL,LiM_plus,S3,def2-TZVP,4,24.2,0.026889,orca_audit_single_point
A076,C13,GBL,LiM_plus,S4,def2-TZVPD,4,37.4,0.041556,orca_audit_single_point
A077,C13,GBL,LiM_2plus,S1,def2-TZVP,4,43.4,0.048222,orca_audit_single_point
A078,C13,GBL,LiM_2plus,S2,def2-TZVPD,4,67.7,0.075222,orca_audit_single_point
A079,C13,GBL,LiM_2plus,S3,def2-TZVP,4,41.2,0.045778,orca_audit_single_point
A080,C13,GBL,LiM_2plus,S4,def2-TZVPD,4,66.1,0.073444,orca_audit_single_point
A081,C14,SL,M,S1,def2-TZVP,4,62.8,0.069778,orca_audit_single_point
A082,C14,SL,M,S2,def2-TZVPD,4,101.1,0.112333,orca_audit_single_point
A083,C14,SL,M,S3,def2-TZVP,4,41.3,0.045889,orca_audit_single_point
A084,C14,SL,M,S4,def2-TZVPD,4,72.7,0.080778,orca_audit_single_point
A085,C14,SL,M_plus,S1,def2-TZVP,4,79.5,0.088333,orca_audit_single_point
A086,C14,SL,M_plus,S2,def2-TZVPD,4,124.0,0.137778,orca_audit_single_point
A087,C14,SL,M_plus,S3,def2-TZVP,4,45.1,0.050111,orca_audit_single_point
A088,C14,SL,M_plus,S4,def2-TZVPD,4,71.7,0.079667,orca_audit_single_point
A089,C14,SL,LiM_plus,S1,def2-TZVP,4,73.3,0.081444,orca_audit_single_point
A090,C14,SL,LiM_plus,S2,def2-TZVPD,4,114.4,0.127111,orca_audit_single_point
A091,C14,SL,LiM_plus,S3,def2-TZVP,4,42.8,0.047556,orca_audit_single_point
A092,C14,SL,LiM_plus,S4,def2-TZVPD,4,69.8,0.077556,orca_audit_single_point
A093,C14,SL,LiM_2plus,S1,def2-TZVP,4,90.1,0.100111,orca_audit_single_point
A094,C14,SL,LiM_2plus,S2,def2-TZVPD,4,141.8,0.157556,orca_audit_single_point
A095,C14,SL,LiM_2plus,S3,def2-TZVP,4,54.3,0.060333,orca_audit_single_point
A096,C14,SL,LiM_2plus,S4,def2-TZVPD,4,85.0,0.094444,orca_audit_single_point
A097,C16,AN,M,S1,def2-TZVP,4,16.7,0.018556,orca_audit_single_point
A098,C16,AN,M,S2,def2-TZVPD,4,17.4,0.019333,orca_audit_single_point
A099,C16,AN,M,S3,def2-TZVP,4,13.1,0.014556,orca_audit_single_point
A100,C16,AN,M,S4,def2-TZVPD,4,16.8,0.018667,orca_audit_single_point
A101,C16,AN,M_plus,S1,def2-TZVP,4,15.4,0.017111,orca_audit_single_point
A102,C16,AN,M_plus,S2,def2-TZVPD,4,19.7,0.021889,orca_audit_single_point
A103,C16,AN,M_plus,S3,def2-TZVP,4,12.8,0.014222,orca_audit_single_point
A104,C16,AN,M_plus,S4,def2-TZVPD,4,14.7,0.016333,orca_audit_single_point
A105,C16,AN,LiM_plus,S1,def2-TZVP,4,21.8,0.024222,orca_audit_single_point
A106,C16,AN,LiM_plus,S2,def2-TZVPD,4,22.5,0.025000,orca_audit_single_point
A107,C16,AN,LiM_plus,S3,def2-TZVP,4,15.9,0.017667,orca_audit_single_point
A108,C16,AN,LiM_plus,S4,def2-TZVPD,4,18.6,0.020667,orca_audit_single_point
A109,C16,AN,LiM_2plus,S1,def2-TZVP,4,21.6,0.024000,orca_audit_single_point
A110,C16,AN,LiM_2plus,S2,def2-TZVPD,4,28.0,0.031111,orca_audit_single_point
A111,C16,AN,LiM_2plus,S3,def2-TZVP,4,15.4,0.017111,orca_audit_single_point
A112,C16,AN,LiM_2plus,S4,def2-TZVPD,4,18.9,0.021000,orca_audit_single_point
A113,C17,TMP,M,S1,def2-TZVP,4,69.4,0.077111,orca_audit_single_point
A114,C17,TMP,M,S2,def2-TZVPD,4,123.0,0.136667,orca_audit_single_point
A115,C17,TMP,M,S3,def2-TZVP,4,50.9,0.056556,orca_audit_single_point
A116,C17,TMP,M,S4,def2-TZVPD,4,97.7,0.108556,orca_audit_single_point
A117,C17,TMP,M_plus,S1,def2-TZVP,4,144.7,0.160778,orca_audit_single_point
A118,C17,TMP,M_plus,S2,def2-TZVPD,4,240.2,0.266889,orca_audit_single_point
A119,C17,TMP,M_plus,S3,def2-TZVP,4,92.9,0.103222,orca_audit_single_point
A120,C17,TMP,M_plus,S4,def2-TZVPD,4,142.3,0.158111,orca_audit_single_point
A121,C17,TMP,LiM_plus,S1,def2-TZVP,4,85.9,0.095444,orca_audit_single_point
A122,C17,TMP,LiM_plus,S2,def2-TZVPD,4,133.6,0.148444,orca_audit_single_point
A123,C17,TMP,LiM_plus,S3,def2-TZVP,4,52.2,0.058000,orca_audit_single_point
A124,C17,TMP,LiM_plus,S4,def2-TZVPD,4,88.1,0.097889,orca_audit_single_point
A125,C17,TMP,LiM_2plus,S1,def2-TZVP,4,121.1,0.134556,orca_audit_single_point
A126,C17,TMP,LiM_2plus,S2,def2-TZVPD,4,201.6,0.224000,orca_audit_single_point
A127,C17,TMP,LiM_2plus,S3,def2-TZVP,4,55.2,0.061333,orca_audit_single_point
A128,C17,TMP,LiM_2plus,S4,def2-TZVPD,4,99.5,0.110556,orca_audit_single_point
A129,C01,DMC,M_plus_relaxed,S1,def2-TZVP,4,41.0,0.045556,orca_audit_single_point
A130,C01,DMC,M_plus_relaxed,S2,def2-TZVPD,4,76.6,0.085111,orca_audit_single_point
A131,C01,DMC,M_plus_relaxed,S3,def2-TZVP,4,31.2,0.034667,orca_audit_single_point
A132,C01,DMC,M_plus_relaxed,S4,def2-TZVPD,4,45.3,0.050333,orca_audit_single_point
A133,C02,EMC,M_plus_relaxed,S1,def2-TZVP,4,52.1,0.057889,orca_audit_single_point
A134,C02,EMC,M_plus_relaxed,S2,def2-TZVPD,4,98.8,0.109778,orca_audit_single_point
A135,C02,EMC,M_plus_relaxed,S3,def2-TZVP,4,35.5,0.039444,orca_audit_single_point
A136,C02,EMC,M_plus_relaxed,S4,def2-TZVPD,4,41.8,0.046444,orca_audit_single_point
A137,C04,EC,M_plus_relaxed,S1,def2-TZVP,4,62.4,0.069333,orca_audit_single_point
A138,C04,EC,M_plus_relaxed,S2,def2-TZVPD,4,103.2,0.114667,orca_audit_single_point
A139,C04,EC,M_plus_relaxed,S3,def2-TZVP,4,48.0,0.053333,orca_audit_single_point
A140,C04,EC,M_plus_relaxed,S4,def2-TZVPD,4,52.7,0.058556,orca_audit_single_point
A141,C08,DME,M_plus_relaxed,S1,def2-TZVP,4,52.8,0.058667,orca_audit_single_point
A142,C08,DME,M_plus_relaxed,S2,def2-TZVPD,4,92.0,0.102222,orca_audit_single_point
A143,C08,DME,M_plus_relaxed,S3,def2-TZVP,4,30.8,0.034222,orca_audit_single_point
A144,C08,DME,M_plus_relaxed,S4,def2-TZVPD,4,39.9,0.044333,orca_audit_single_point
A145,C13,GBL,M_plus_relaxed,S1,def2-TZVP,4,52.6,0.058444,orca_audit_single_point
A146,C13,GBL,M_plus_relaxed,S2,def2-TZVPD,4,70.5,0.078333,orca_audit_single_point
A147,C13,GBL,M_plus_relaxed,S3,def2-TZVP,4,25.5,0.028333,orca_audit_single_point
A148,C13,GBL,M_plus_relaxed,S4,def2-TZVPD,4,40.4,0.044889,orca_audit_single_point
A149,C14,SL,M_plus_relaxed,S1,def2-TZVP,4,64.5,0.071667,orca_audit_single_point
A150,C14,SL,M_plus_relaxed,S2,def2-TZVPD,4,92.7,0.103000,orca_audit_single_point
A151,C14,SL,M_plus_relaxed,S3,def2-TZVP,4,33.8,0.037556,orca_audit_single_point
A152,C14,SL,M_plus_relaxed,S4,def2-TZVPD,4,46.8,0.052000,orca_audit_single_point
A153,C16,AN,M_plus_relaxed,S1,def2-TZVP,4,14.3,0.015889,orca_audit_single_point
A154,C16,AN,M_plus_relaxed,S2,def2-TZVPD,4,19.3,0.021444,orca_audit_single_point
A155,C16,AN,M_plus_relaxed,S3,def2-TZVP,4,16.6,0.018444,orca_audit_single_point
A156,C16,AN,M_plus_relaxed,S4,def2-TZVPD,4,16.2,0.018000,orca_audit_single_point
A157,C17,TMP,M_plus_relaxed,S1,def2-TZVP,4,101.3,0.112556,orca_audit_single_point
A158,C17,TMP,M_plus_relaxed,S2,def2-TZVPD,4,149.4,0.166000,orca_audit_single_point
A159,C17,TMP,M_plus_relaxed,S3,def2-TZVP,4,38.4,0.042667,orca_audit_single_point
A160,C17,TMP,M_plus_relaxed,S4,def2-TZVPD,4,69.0,0.076667,orca_audit_single_point
A161,C02,EMC,LiM_plus,EMC_Li_opt,r2SCAN-3c,4,103.9,0.115436,orca_emc_li_opt
