task,feature_set,axis,model,split,shape,n_molecules,n_replicates,near_tie,mae_ev,mae_ev_frozen,d_mae,kendall_tau_b,kendall_tau_b_frozen,d_tau,top_k_overlap_20,top_k_overlap_20_frozen,d_o20,selection_regret_20,selection_regret_20_frozen,d_r20
M,X0,oxidation,constant,random,direct,18,5,True,0.5217205555555556,0.521725,4.444444444362539e-06,0.40132447474068167,0.401324,4.747406816552058e-07,0.5,0.5,0.0,0.5678175000000003,0.567826,8.499999999744823e-06
M,X0,oxidation,ridge,random,direct,18,5,False,0.569192222222222,0.569189,3.2222222220434915e-06,0.5032679738562091,0.503268,2.6143790909927134e-08,0.5,0.5,0.0,0.8265849999999997,0.826598,1.3000000000373824e-05
M,X0,oxidation,krr,random,direct,18,5,False,0.6178761111111111,0.617882,5.888888888971877e-06,0.39869281045751637,0.398693,1.895424836528825e-07,0.5,0.5,0.0,0.6776924999999991,0.677712,1.950000000083829e-05
M,X0,oxidation,gpr,random,direct,18,5,True,0.6279633333333333,0.627973,9.666666666685586e-06,0.44675602680893645,0.424837,0.021919026808936426,0.75,0.75,0.0,0.6303924999999992,0.630401,8.500000000744024e-06
M,X0,oxidation,rf,random,direct,18,5,False,0.6624172222222224,0.662418,7.777777775164196e-07,0.28104575163398693,0.281046,2.4836601308919626e-07,0.25,0.25,0.0,1.1768424999999993,1.17686,1.7500000000669758e-05
M,X0,oxidation,gbdt,random,direct,18,5,False,0.7410816666666666,0.741078,3.6666666666240744e-06,0.21568627450980393,0.215686,2.7450980394361224e-07,0.0,0.0,0.0,1.3730349999999998,1.37305,1.5000000000320313e-05
M,X0,oxidation,constant,random,shift,18,5,False,0.36148666666666673,0.361492,5.3333333332461486e-06,0.7516339869281046,0.751634,1.3071895454963567e-08,1.0,1.0,0.0,0.0,0.0,0.0
M,X0,oxidation,ridge,random,shift,18,5,False,0.41951833333333355,0.419523,4.6666666664307854e-06,0.5816993464052288,0.581699,3.4640522883488956e-07,0.75,0.75,0.0,0.49619250000000115,0.496201,8.499999998856644e-06
M,X0,oxidation,krr,random,shift,18,5,False,0.4767577777777778,0.476767,9.222222222216026e-06,0.6209150326797386,0.620915,3.2679738581897766e-08,0.5,0.5,0.0,0.6563250000000007,0.656341,1.5999999999238845e-05
M,X0,oxidation,gpr,random,shift,18,5,False,0.4542233333333334,0.454226,2.6666666665953187e-06,0.6470588235294118,0.647059,1.764705882534301e-07,0.5,0.5,0.0,0.6563250000000007,0.656341,1.5999999999238845e-05
M,X0,oxidation,rf,random,shift,18,5,False,0.5198022222222224,0.519797,5.22222222243407e-06,0.5294117647058824,0.529412,2.352941176342327e-07,0.5,0.5,0.0,0.8965925000000006,0.896602,9.499999999440512e-06
M,X0,oxidation,gbdt,random,shift,18,5,False,0.5260244444444445,0.526029,4.555555555452173e-06,0.477124183006536,0.477124,1.8300653598091188e-07,0.5,0.5,0.0,0.8965925000000006,0.896602,9.499999999440512e-06
M,X0,oxidation,constant,group,direct,18,1,True,0.7902216666666668,0.790235,1.3333333333198638e-05,0.053896805563629545,0.0538968,5.56362954318157e-09,0.5,0.5,0.0,0.8965925000000006,0.896602,9.499999999440512e-06
M,X0,oxidation,ridge,group,direct,18,1,False,0.6439111111111111,0.643913,1.8888888888568545e-06,0.30718954248366015,0.30719,4.5751633986901297e-07,0.5,0.5,0.0,1.0352099999999993,1.03523,2.0000000000797158e-05
M,X0,oxidation,krr,group,direct,18,1,False,0.7016816666666668,0.701682,3.333333332689037e-07,0.4117647058823529,0.411765,2.9411764707054644e-07,0.25,0.25,0.0,1.0822675000000004,1.08228,1.2499999999526779e-05
M,X0,oxidation,gpr,group,direct,18,1,False,0.7040544444444445,0.704057,2.555555555505684e-06,0.3464052287581699,0.346405,2.287581699067509e-07,0.5,0.5,0.0,0.8965925000000006,0.896602,9.499999999440512e-06
M,X0,oxidation,rf,group,direct,18,1,False,0.6714850000000001,0.671484,1.000000000139778e-06,0.3333333333333333,0.333333,3.3333333332441484e-07,0.25,0.25,0.0,1.0822675000000004,1.08228,1.2499999999526779e-05
M,X0,oxidation,gbdt,group,direct,18,1,False,0.8030650000000001,0.803077,1.1999999999900979e-05,0.2679738562091503,0.267974,1.4379084967153233e-07,0.25,0.25,0.0,1.1768424999999993,1.17686,1.7500000000669758e-05
M,X0,oxidation,constant,group,shift,18,1,False,0.4768761111111114,0.476888,1.18888888885893e-05,0.5294117647058824,0.529412,2.352941176342327e-07,0.5,0.5,0.0,0.6563250000000007,0.656341,1.5999999999238845e-05
M,X0,oxidation,ridge,group,shift,18,1,False,0.5136638888888887,0.513669,5.111111111344435e-06,0.5163398692810458,0.51634,1.3071895421656876e-07,0.5,0.5,0.0,0.8965925000000006,0.896602,9.499999999440512e-06
M,X0,oxidation,krr,group,shift,18,1,False,0.5527172222222222,0.55273,1.2777777777861488e-05,0.6078431372549019,0.607843,1.372549018885394e-07,0.5,0.5,0.0,0.8965925000000006,0.896602,9.499999999440512e-06
M,X0,oxidation,gpr,group,shift,18,1,False,0.5881716666666666,0.588171,6.666666666488297e-07,0.5163398692810458,0.51634,1.3071895421656876e-07,0.5,0.5,0.0,0.7507999999999999,0.750799,9.999999999177334e-07
M,X0,oxidation,rf,group,shift,18,1,False,0.5316722222222222,0.531688,1.5777777777836732e-05,0.5686274509803921,0.568627,4.509803921415312e-07,0.5,0.5,0.0,0.8965925000000006,0.896602,9.499999999440512e-06
M,X0,oxidation,gbdt,group,shift,18,1,False,0.5199861111111113,0.519986,1.1111111131167917e-07,0.5424836601307189,0.542484,3.398692810518966e-07,0.5,0.5,0.0,0.8965925000000006,0.896602,9.499999999440512e-06
M,X0,oxidation,constant,lofo,direct,18,1,True,0.8485333333333331,0.848541,7.66666666685012e-06,-0.7252425898161922,-0.725243,4.101838078085507e-07,0.0,0.0,0.0,2.8142625,2.81429,2.750000000029118e-05
M,X0,oxidation,ridge,lofo,direct,18,1,False,0.91027,0.910264,6.000000000061512e-06,0.058823529411764705,0.0588235,2.9411764704279086e-08,0.5,0.5,0.0,1.3937100000000004,1.39373,1.999999999946489e-05
M,X0,oxidation,krr,lofo,direct,18,1,False,0.84857,0.848576,5.999999999950489e-06,0.29411764705882354,0.294118,3.5294117645134904e-07,0.5,0.5,0.0,1.087295000000001,1.08731,1.4999999998988045e-05
M,X0,oxidation,gpr,lofo,direct,18,1,False,0.8257044444444445,0.825714,9.55555555548493e-06,0.12418300653594772,0.124183,6.535947713603996e-09,0.5,0.5,0.0,0.9730150000000002,0.973025,9.999999999843467e-06
M,X0,oxidation,rf,lofo,direct,18,1,False,0.7805594444444444,0.780559,4.4444444435853825e-07,0.24183006535947713,0.24183,6.535947713603996e-08,0.0,0.0,0.0,1.3083425000000002,1.30836,1.749999999978158e-05
M,X0,oxidation,gbdt,lofo,direct,18,1,False,0.8068366666666668,0.806847,1.0333333333223393e-05,0.16339869281045752,0.163399,3.0718954246999886e-07,0.0,0.0,0.0,1.3083425000000002,1.30836,1.749999999978158e-05
M,X0,oxidation,constant,lofo,shift,18,1,False,0.5271988888888889,0.527201,2.111111111147146e-06,0.5947712418300654,0.594771,2.418300653062033e-07,0.5,0.5,0.0,0.6563250000000007,0.656341,1.5999999999238845e-05
M,X0,oxidation,ridge,lofo,shift,18,1,False,0.7780511111111108,0.778052,8.888888891611657e-07,0.24183006535947713,0.24183,6.535947713603996e-08,0.5,0.5,0.0,1.3937100000000004,1.39373,1.999999999946489e-05
M,X0,oxidation,krr,lofo,shift,18,1,False,0.6277683333333334,0.627781,1.266666666666083e-05,0.5686274509803921,0.568627,4.509803921415312e-07,0.5,0.5,0.0,0.8965925000000006,0.896602,9.499999999440512e-06
M,X0,oxidation,gpr,lofo,shift,18,1,False,0.6531105555555556,0.653115,4.444444444362539e-06,0.5424836601307189,0.542484,3.398692810518966e-07,0.5,0.5,0.0,0.7507999999999999,0.750799,9.999999999177334e-07
M,X0,oxidation,rf,lofo,shift,18,1,False,0.5981888888888889,0.598195,6.111111111151146e-06,0.5424836601307189,0.542484,3.398692810518966e-07,0.5,0.5,0.0,0.8965925000000006,0.896602,9.499999999440512e-06
M,X0,oxidation,gbdt,lofo,shift,18,1,False,0.5596866666666666,0.559679,7.666666666517052e-06,0.5555555555555556,0.555556,4.4444444446956055e-07,0.5,0.5,0.0,0.8965925000000006,0.896602,9.499999999440512e-06
M,X0,reduction,constant,random,direct,18,5,True,0.3688344444444444,0.368835,5.555555556147063e-07,0.3642703641368017,0.36427,3.641368017115454e-07,0.5,0.5,0.0,0.16206250000000022,0.162062,5.000000002086669e-07
M,X0,reduction,ridge,random,direct,18,5,False,0.4195555555555556,0.419555,5.555555556147063e-07,0.3202614379084967,0.320261,4.379084966865676e-07,0.5,0.5,0.0,0.3410525000000004,0.341053,4.999999995702886e-07
M,X0,reduction,krr,random,direct,18,5,False,0.42160166666666676,0.421601,6.66666666759852e-07,0.3464052287581699,0.346405,2.287581699067509e-07,0.5,0.5,0.0,0.28531750000000056,0.285319,1.4999999994325108e-06
M,X0,reduction,gpr,random,direct,18,5,False,0.307835,0.307836,9.999999999732445e-07,0.49019607843137253,0.490196,7.84313725077368e-08,0.5,0.5,0.0,0.3303975000000001,0.3304,2.4999999999053557e-06
M,X0,reduction,rf,random,direct,18,5,False,0.31937722222222215,0.31938,2.7777777778514867e-06,0.5686274509803921,0.568627,4.509803921415312e-07,0.5,0.5,0.0,0.35147750000000055,0.351479,1.4999999994325108e-06
M,X0,reduction,gbdt,random,direct,18,5,False,0.3002738888888889,0.300275,1.1111111111183902e-06,0.5555555555555556,0.555556,4.4444444446956055e-07,0.25,0.25,0.0,0.3883925000000006,0.388394,1.4999999994325108e-06
M,X0,reduction,constant,random,shift,18,5,False,0.5160766666666667,0.516076,6.66666666759852e-07,0.5424836601307189,0.542484,3.398692810518966e-07,0.5,0.5,0.0,0.4152175000000007,0.415221,3.4999999993234887e-06
M,X0,reduction,ridge,random,shift,18,5,False,0.4270172222222222,0.427015,2.2222222222367805e-06,0.29411764705882354,0.294118,3.5294117645134904e-07,0.5,0.5,0.0,0.3410525000000004,0.341053,4.999999995702886e-07
M,X0,reduction,krr,random,shift,18,5,False,0.5381405555555555,0.53814,5.555555555591951e-07,0.39869281045751637,0.398693,1.895424836528825e-07,0.5,0.5,0.0,0.2357175000000007,0.23572,2.4999999993224886e-06
M,X0,reduction,gpr,random,shift,18,5,False,0.5726216666666667,0.572621,6.666666666488297e-07,0.35947712418300654,0.359477,1.2418300654459813e-07,0.5,0.5,0.0,0.2630200000000005,0.263022,1.9999999995024e-06
M,X0,reduction,rf,random,shift,18,5,False,0.6506505555555555,0.65065,5.555555555591951e-07,0.5947712418300654,0.594771,2.418300653062033e-07,0.5,0.5,0.0,0.24688250000000034,0.246884,1.4999999996545554e-06
M,X0,reduction,gbdt,random,shift,18,5,False,0.5343450000000001,0.534344,1.0000000000287557e-06,0.5555555555555556,0.555556,4.4444444446956055e-07,0.5,0.5,0.0,0.24688250000000034,0.246884,1.4999999996545554e-06
M,X0,reduction,constant,group,direct,18,1,True,0.3918088888888888,0.39181,1.1111111111739014e-06,0.36380343755449945,0.363803,4.375544994661418e-07,0.5,0.5,0.0,0.19221000000000021,0.192212,1.9999999997799556e-06
M,X0,reduction,ridge,group,direct,18,1,False,0.46551027777777776,0.46551,2.7777777777959756e-07,0.2679738562091503,0.267974,1.4379084967153233e-07,0.5,0.5,0.0,0.2961025000000004,0.296103,4.999999996257998e-07
M,X0,reduction,krr,group,direct,18,1,False,0.447455,0.447454,9.999999999732445e-07,0.30718954248366015,0.30719,4.5751633986901297e-07,0.5,0.5,0.0,0.28531750000000056,0.285319,1.4999999994325108e-06
M,X0,reduction,gpr,group,direct,18,1,False,0.3890933333333333,0.389093,3.333333332689037e-07,0.2679738562091503,0.267974,1.4379084967153233e-07,0.5,0.5,0.0,0.2961025000000004,0.296103,4.999999996257998e-07
M,X0,reduction,rf,group,direct,18,1,False,0.34044222222222215,0.340443,7.777777778494865e-07,0.46405228758169936,0.464052,2.8758169934306466e-07,0.5,0.5,0.0,0.28531750000000056,0.285319,1.4999999994325108e-06
M,X0,reduction,gbdt,group,direct,18,1,False,0.3061588888888889,0.30616,1.111111111062879e-06,0.5947712418300654,0.594771,2.418300653062033e-07,0.5,0.5,0.0,0.28531750000000056,0.285319,1.4999999994325108e-06
M,X0,reduction,constant,group,shift,18,1,False,0.9595149999999999,0.959518,3.000000000086267e-06,0.1111111111111111,0.111111,1.1111111110351235e-07,0.25,0.25,0.0,0.5403650000000004,0.540369,3.999999999559911e-06
M,X0,reduction,ridge,group,shift,18,1,False,0.5382271666666667,0.538225,2.1666666667474743e-06,0.2549019607843137,0.254902,3.921568630937955e-08,0.5,0.5,0.0,0.2961025000000004,0.296103,4.999999996257998e-07
M,X0,reduction,krr,group,shift,18,1,False,0.4976711111111112,0.497669,2.111111111202657e-06,0.2549019607843137,0.254902,3.921568630937955e-08,0.5,0.5,0.0,0.2961025000000004,0.296103,4.999999996257998e-07
M,X0,reduction,gpr,group,shift,18,1,True,0.5893966666666667,0.589397,3.333333332689037e-07,0.3464052287581699,0.346405,2.287581699067509e-07,0.5,0.5,0.0,0.2630200000000005,0.263022,1.9999999995024e-06
M,X0,reduction,rf,group,shift,18,1,False,0.787353888888889,0.787355,1.111111111007368e-06,0.43790849673202614,0.437908,4.967320261228814e-07,0.5,0.5,0.0,0.24688250000000034,0.246884,1.4999999996545554e-06
M,X0,reduction,gbdt,group,shift,18,1,False,0.56123,0.56123,0.0,0.5424836601307189,0.542484,3.398692810518966e-07,0.5,0.5,0.0,0.24688250000000034,0.246884,1.4999999996545554e-06
M,X0,reduction,constant,lofo,direct,18,1,True,0.47388666666666673,0.473887,3.333333332689037e-07,-0.6423577224086273,-0.642358,2.775913726660306e-07,0.0,0.0,0.0,1.157105,1.15711,5.000000000032756e-06
M,X0,reduction,ridge,lofo,direct,18,1,False,0.428775,0.428775,0.0,0.28104575163398693,0.281046,2.4836601308919626e-07,0.5,0.5,0.0,0.2630200000000005,0.263022,1.9999999995024e-06
M,X0,reduction,krr,lofo,direct,18,1,False,0.5444116666666667,0.544411,6.66666666759852e-07,0.0718954248366013,0.0718954,2.483660130336851e-08,0.25,0.25,0.0,0.5335975000000004,0.533599,1.4999999996545554e-06
M,X0,reduction,gpr,lofo,direct,18,1,False,0.45106055555555563,0.451061,4.4444444435853825e-07,0.1111111111111111,0.111111,1.1111111110351235e-07,0.0,0.0,0.0,0.8216275,0.82163,2.500000000016378e-06
M,X0,reduction,rf,lofo,direct,18,1,False,0.39823444444444434,0.398236,1.555555555643462e-06,0.35947712418300654,0.359477,1.2418300654459813e-07,0.0,0.0,0.0,0.8704025000000004,0.870407,4.4999999996298e-06
M,X0,reduction,gbdt,lofo,direct,18,1,False,0.3756722222222222,0.375674,1.777777777822731e-06,0.29411764705882354,0.294118,3.5294117645134904e-07,0.0,0.0,0.0,0.8704025000000004,0.870407,4.4999999996298e-06
M,X0,reduction,constant,lofo,shift,18,1,False,2.1297496666666667,2.12975,3.33333333379926e-07,0.5555555555555556,0.555556,4.4444444446956055e-07,0.5,0.5,0.0,0.2630200000000005,0.263022,1.9999999995024e-06
M,X0,reduction,ridge,lofo,shift,18,1,False,0.9885888888888889,0.988589,1.1111111120065686e-07,-0.1111111111111111,-0.111111,1.1111111110351235e-07,0.0,0.0,0.0,0.9212400000000001,0.921241,9.999999999177334e-07
M,X0,reduction,krr,lofo,shift,18,1,False,0.7839521666666668,0.78395,2.1666666667474743e-06,0.30718954248366015,0.30719,4.5751633986901297e-07,0.5,0.5,0.0,0.2357175000000007,0.23572,2.4999999993224886e-06
M,X0,reduction,gpr,lofo,shift,18,1,False,0.8320694444444444,0.832069,4.4444444446956055e-07,0.24183006535947713,0.24183,6.535947713603996e-08,0.5,0.5,0.0,0.2630200000000005,0.263022,1.9999999995024e-06
M,X0,reduction,rf,lofo,shift,18,1,False,1.1266466666666668,1.12665,3.333333333133126e-06,0.5163398692810458,0.51634,1.3071895421656876e-07,0.5,0.5,0.0,0.24688250000000034,0.246884,1.4999999996545554e-06
M,X0,reduction,gbdt,lofo,shift,18,1,False,0.9214644444444446,0.921465,5.555555553371505e-07,0.5294117647058824,0.529412,2.352941176342327e-07,0.5,0.5,0.0,0.24688250000000034,0.246884,1.4999999996545554e-06
E,X0+P1,oxidation,constant,random,direct,18,5,True,0.41776055555555586,0.417761,4.4444444413649364e-07,0.3828570499509807,0.382857,4.995098068505399e-08,0.5,0.5,0.0,0.5362775000000006,0.536276,1.5000000006537562e-06
E,X0+P1,oxidation,ridge,random,direct,18,5,True,0.20407333333333344,0.204074,6.66666666565563e-07,0.8300653594771242,0.830065,3.594771241788308e-07,1.0,1.0,0.0,0.0,0.0,0.0
E,X0+P1,oxidation,krr,random,direct,18,5,False,0.31535777777777796,0.315358,2.2222222206824682e-07,0.738562091503268,0.738562,9.150326796270036e-08,1.0,1.0,0.0,0.0,0.0,0.0
E,X0+P1,oxidation,gpr,random,direct,18,5,False,0.3011327777777779,0.301132,7.777777779049977e-07,0.7647058823529411,0.764706,1.176470588726275e-07,1.0,1.0,0.0,0.0,0.0,0.0
E,X0+P1,oxidation,rf,random,direct,18,5,False,0.4010288888888889,0.401029,1.1111111114514571e-07,0.5816993464052288,0.581699,3.4640522883488956e-07,0.5,0.5,0.0,0.6204199999999993,0.620421,1.0000000006948895e-06
E,X0+P1,oxidation,gbdt,random,direct,18,5,False,0.2911666666666667,0.291167,3.3333333332441484e-07,0.6862745098039216,0.686275,4.901960783953996e-07,0.75,0.75,0.0,0.09210249999999931,0.0921018,6.999999993123618e-07
E,X0+P1,oxidation,constant,random,shift,18,5,False,0.2162566666666667,0.216256,6.666666667043408e-07,0.8823529411764706,0.882353,5.88235294918249e-08,1.0,1.0,0.0,0.0,0.0,0.0
E,X0+P1,oxidation,ridge,random,shift,18,5,False,0.16365722222222243,0.163658,7.777777775719308e-07,0.934640522875817,0.934641,4.771241830514583e-07,1.0,1.0,0.0,0.0,0.0,0.0
E,X0+P1,oxidation,krr,random,shift,18,5,False,0.1865461111111111,0.186548,1.88888888888461e-06,0.9215686274509803,0.921569,3.725490196337944e-07,0.75,0.75,0.0,0.02723500000000101,0.0272338,1.2000000010094214e-06
E,X0+P1,oxidation,gpr,random,shift,18,5,False,0.16766666666666666,0.167667,3.333333333521704e-07,0.9477124183006536,0.947712,4.183006535596334e-07,1.0,1.0,0.0,0.0,0.0,0.0
E,X0+P1,oxidation,rf,random,shift,18,5,False,0.17489055555555544,0.174891,4.444444445528273e-07,0.934640522875817,0.934641,4.771241830514583e-07,0.75,0.75,0.0,0.02723500000000101,0.0272338,1.2000000010094214e-06
E,X0+P1,oxidation,gbdt,random,shift,18,5,False,0.1858277777777778,0.185829,1.2222222222080248e-06,0.934640522875817,0.934641,4.771241830514583e-07,0.75,0.75,0.0,0.02723500000000101,0.0272338,1.2000000010094214e-06
E,X0+P1,oxidation,constant,group,direct,18,1,True,0.7219483333333332,0.721946,2.3333333332153927e-06,0.040422604172722164,0.0404226,4.172722160855624e-09,0.0,0.0,0.0,1.1770574999999992,1.17706,2.500000000793534e-06
E,X0+P1,oxidation,ridge,group,direct,18,1,False,0.23149555555555545,0.231497,1.4444444445538274e-06,0.869281045751634,0.869281,4.575163403686133e-08,0.75,0.75,0.0,0.02723500000000101,0.0272338,1.2000000010094214e-06
E,X0+P1,oxidation,krr,group,direct,18,1,False,0.30226111111111104,0.30226,1.111111111062879e-06,0.7777777777777778,0.777778,2.2222222217926912e-07,0.75,0.75,0.0,0.02723500000000101,0.0272338,1.2000000010094214e-06
E,X0+P1,oxidation,gpr,group,direct,18,1,False,0.3139022222222223,0.313903,7.777777776829531e-07,0.803921568627451,0.803922,4.31372549014597e-07,0.75,0.75,0.0,0.23825000000000074,0.238249,1.0000000007504006e-06
E,X0+P1,oxidation,rf,group,direct,18,1,False,0.4267461111111112,0.426746,1.1111111120065686e-07,0.5294117647058824,0.529412,2.352941176342327e-07,0.5,0.5,0.0,0.5448399999999989,0.544839,9.999999989185326e-07
E,X0+P1,oxidation,gbdt,group,direct,18,1,False,0.3871916666666668,0.387192,3.333333331578814e-07,0.6078431372549019,0.607843,1.372549018885394e-07,0.5,0.5,0.0,0.33382499999999915,0.333824,9.999999991405772e-07
E,X0+P1,oxidation,constant,group,shift,18,1,False,0.26033999999999996,0.260339,9.999999999732445e-07,0.8431372549019608,0.843137,2.549019607611669e-07,0.75,0.75,0.0,0.02723500000000101,0.0272338,1.2000000010094214e-06
E,X0+P1,oxidation,ridge,group,shift,18,1,False,0.21759333333333325,0.217595,1.666666666760852e-06,0.9215686274509803,0.921569,3.725490196337944e-07,0.75,0.75,0.0,0.02723500000000101,0.0272338,1.2000000010094214e-06
E,X0+P1,oxidation,krr,group,shift,18,1,False,0.22761499999999993,0.227616,1.0000000000842668e-06,0.8954248366013072,0.895425,1.6339869279846653e-07,0.75,0.75,0.0,0.02723500000000101,0.0272338,1.2000000010094214e-06
E,X0+P1,oxidation,gpr,group,shift,18,1,False,0.19847722222222217,0.198476,1.2222222221525136e-06,0.9215686274509803,0.921569,3.725490196337944e-07,0.75,0.75,0.0,0.02723500000000101,0.0272338,1.2000000010094214e-06
E,X0+P1,oxidation,rf,group,shift,18,1,False,0.19055555555555553,0.190556,4.4444444446956055e-07,0.9215686274509803,0.921569,3.725490196337944e-07,0.75,0.75,0.0,0.02723500000000101,0.0272338,1.2000000010094214e-06
E,X0+P1,oxidation,gbdt,group,shift,18,1,False,0.18566500000000008,0.185665,8.326672684688674e-17,0.9215686274509803,0.921569,3.725490196337944e-07,0.75,0.75,0.0,0.02723500000000101,0.0272338,1.2000000010094214e-06
E,X0+P1,oxidation,constant,lofo,direct,18,1,True,0.7944700000000002,0.79447,2.220446049250313e-16,-0.7252425898161922,-0.725243,4.101838078085507e-07,0.0,0.0,0.0,2.4314299999999998,2.43143,4.440892098500626e-16
E,X0+P1,oxidation,ridge,lofo,direct,18,1,False,0.32842388888888885,0.328424,1.1111111114514571e-07,0.8431372549019608,0.843137,2.549019607611669e-07,0.75,0.75,0.0,0.02723500000000101,0.0272338,1.2000000010094214e-06
E,X0+P1,oxidation,krr,lofo,direct,18,1,False,0.47109722222222217,0.471096,1.2222222221525136e-06,0.5947712418300654,0.594771,2.418300653062033e-07,0.5,0.5,0.0,0.5448399999999989,0.544839,9.999999989185326e-07
E,X0+P1,oxidation,gpr,lofo,direct,18,1,False,0.38342111111111116,0.383421,1.1111111114514571e-07,0.803921568627451,0.803922,4.31372549014597e-07,0.75,0.75,0.0,0.23825000000000074,0.238249,1.0000000007504006e-06
E,X0+P1,oxidation,rf,lofo,direct,18,1,False,0.47252944444444467,0.47253,5.555555553371505e-07,0.5294117647058824,0.529412,2.352941176342327e-07,0.75,0.75,0.0,0.35804749999999963,0.358049,1.5000000003762004e-06
E,X0+P1,oxidation,gbdt,lofo,direct,18,1,False,0.4193327777777778,0.419332,7.777777777939754e-07,0.5686274509803921,0.568627,4.509803921415312e-07,0.5,0.5,0.0,0.33382499999999915,0.333824,9.999999991405772e-07
E,X0+P1,oxidation,constant,lofo,shift,18,1,False,0.2410900000000002,0.241089,1.0000000001952891e-06,0.8823529411764706,0.882353,5.88235294918249e-08,0.75,0.75,0.0,0.02723500000000101,0.0272338,1.2000000010094214e-06
E,X0+P1,oxidation,ridge,lofo,shift,18,1,False,0.2808788888888889,0.280881,2.1111111110916347e-06,0.8823529411764706,0.882353,5.88235294918249e-08,0.75,0.75,0.0,0.02723500000000101,0.0272338,1.2000000010094214e-06
E,X0+P1,oxidation,krr,lofo,shift,18,1,False,0.24849055555555555,0.248492,1.444444444442805e-06,0.8823529411764706,0.882353,5.88235294918249e-08,0.75,0.75,0.0,0.02723500000000101,0.0272338,1.2000000010094214e-06
E,X0+P1,oxidation,gpr,lofo,shift,18,1,False,0.19545833333333323,0.195458,3.333333332411481e-07,0.9084967320261438,0.908497,2.6797385621613046e-07,0.75,0.75,0.0,0.02723500000000101,0.0272338,1.2000000010094214e-06
E,X0+P1,oxidation,rf,lofo,shift,18,1,False,0.20579333333333322,0.205792,1.3333333332143926e-06,0.9215686274509803,0.921569,3.725490196337944e-07,0.75,0.75,0.0,0.02723500000000101,0.0272338,1.2000000010094214e-06
E,X0+P1,oxidation,gbdt,lofo,shift,18,1,False,0.1878222222222223,0.187822,2.22222222318047e-07,0.9215686274509803,0.921569,3.725490196337944e-07,0.75,0.75,0.0,0.02723500000000101,0.0272338,1.2000000010094214e-06
E,X0+P1,reduction,constant,random,direct,18,5,True,0.28069866666666665,0.2807,1.3333333333531705e-06,0.41448265424037617,0.414483,3.457596238209959e-07,0.75,0.75,0.0,0.11437249999999999,0.114371,1.4999999999876223e-06
E,X0+P1,reduction,ridge,random,direct,18,5,False,0.3038481666666667,0.303848,1.66666666689963e-07,0.5032679738562091,0.503268,2.6143790909927134e-08,0.5,0.5,0.0,0.20727425000000022,0.207273,1.250000000202478e-06
E,X0+P1,reduction,krr,random,direct,18,5,False,0.24910361111111104,0.249104,3.8888888895249885e-07,0.673202614379085,0.673203,3.8562091497773565e-07,0.5,0.5,0.0,0.20727425000000022,0.207273,1.250000000202478e-06
E,X0+P1,reduction,gpr,random,direct,18,5,False,0.24788511111111117,0.247886,8.888888888280988e-07,0.5947712418300654,0.594771,2.418300653062033e-07,0.5,0.5,0.0,0.20727425000000022,0.207273,1.250000000202478e-06
E,X0+P1,reduction,rf,random,direct,18,5,False,0.21024144444444443,0.210242,5.555555555869507e-07,0.7254901960784313,0.72549,1.960784313803643e-07,0.75,0.75,0.0,0.044467500000000104,0.0444667,8.000000001062713e-07
E,X0+P1,reduction,gbdt,random,direct,18,5,False,0.18499794444444445,0.184999,1.0555555555458174e-06,0.7647058823529411,0.764706,1.176470588726275e-07,0.75,0.75,0.0,0.044467500000000104,0.0444667,8.000000001062713e-07
E,X0+P1,reduction,constant,random,shift,18,5,False,0.26574603888888887,0.265745,1.0388888888601677e-06,0.6078431372549019,0.607843,1.372549018885394e-07,0.5,0.5,0.0,0.299585,0.299584,9.999999999732445e-07
E,X0+P1,reduction,ridge,random,shift,18,5,False,0.2524928888888889,0.252493,1.1111111114514571e-07,0.5816993464052288,0.581699,3.4640522883488956e-07,0.5,0.5,0.0,0.2771792500000001,0.277178,1.2500000001192113e-06
E,X0+P1,reduction,krr,random,shift,18,5,False,0.19409638333333332,0.194096,3.833333333258526e-07,0.7254901960784313,0.72549,1.960784313803643e-07,0.75,0.75,0.0,0.08709925000000007,0.0870982,1.0500000000718268e-06
E,X0+P1,reduction,gpr,random,shift,18,5,False,0.28135722222222226,0.281357,2.2222222223478028e-07,0.5686274509803921,0.568627,4.509803921415312e-07,0.5,0.5,0.0,0.2771792500000001,0.277178,1.2500000001192113e-06
E,X0+P1,reduction,rf,random,shift,18,5,False,0.24967889444444444,0.249679,1.0555555557401064e-07,0.5555555555555556,0.555556,4.4444444446956055e-07,0.5,0.5,0.0,0.2771792500000001,0.277178,1.2500000001192113e-06
E,X0+P1,reduction,gbdt,random,shift,18,5,False,0.23973714444444447,0.239737,1.4444444446093385e-07,0.6339869281045751,0.633987,7.189542483576616e-08,0.5,0.5,0.0,0.2771792500000001,0.277178,1.2500000001192113e-06
E,X0+P1,reduction,constant,group,direct,18,1,True,0.2162445,0.216245,4.999999999866223e-07,0.4985454514635733,0.498545,4.51463573303279e-07,0.75,0.75,0.0,0.1367782500000001,0.136777,1.2500000000914557e-06
E,X0+P1,reduction,ridge,group,direct,18,1,False,0.4694866111111111,0.469486,6.111111111040124e-07,0.24183006535947713,0.24183,6.535947713603996e-08,0.5,0.5,0.0,0.25695325,0.256952,1.250000000008189e-06
E,X0+P1,reduction,krr,group,direct,18,1,False,0.25375644444444445,0.253757,5.555555555591951e-07,0.6209150326797386,0.620915,3.2679738581897766e-08,0.5,0.5,0.0,0.25695325,0.256953,2.500000000349445e-07
E,X0+P1,reduction,gpr,group,direct,18,1,False,0.242242,0.242242,0.0,0.6339869281045751,0.633987,7.189542483576616e-08,0.5,0.5,0.0,0.25695325,0.256953,2.500000000349445e-07
E,X0+P1,reduction,rf,group,direct,18,1,False,0.22617955555555558,0.22618,4.444444444140494e-07,0.6862745098039216,0.686275,4.901960783953996e-07,0.75,0.75,0.0,0.044467500000000104,0.0444667,8.000000001062713e-07
E,X0+P1,reduction,gbdt,group,direct,18,1,False,0.1761096,0.17611,3.999999999837467e-07,0.6470588235294118,0.647059,1.764705882534301e-07,0.75,0.75,0.0,0.044467500000000104,0.0444667,8.000000001062713e-07
E,X0+P1,reduction,constant,group,shift,18,1,False,0.3147873333333333,0.314787,3.3333333332441484e-07,0.5686274509803921,0.568627,4.509803921415312e-07,0.25,0.25,0.0,0.36713175,0.367131,7.499999999938112e-07
E,X0+P1,reduction,ridge,group,shift,18,1,False,0.44498141111111106,0.444981,4.111111110427501e-07,0.28104575163398693,0.281046,2.4836601308919626e-07,0.5,0.5,0.0,0.25695325,0.256952,1.250000000008189e-06
E,X0+P1,reduction,krr,group,shift,18,1,False,0.19444472222222223,0.194444,7.222222222214025e-07,0.673202614379085,0.673203,3.8562091497773565e-07,0.75,0.75,0.0,0.1367782500000001,0.136777,1.2500000000914557e-06
E,X0+P1,reduction,gpr,group,shift,18,1,False,0.2307627777777778,0.230763,2.222222222070247e-07,0.6209150326797386,0.620915,3.2679738581897766e-08,0.5,0.5,0.0,0.17520175000000004,0.1752,1.7500000000503224e-06
E,X0+P1,reduction,rf,group,shift,18,1,False,0.2587105555555555,0.25871,5.55555555503684e-07,0.5947712418300654,0.594771,2.418300653062033e-07,0.5,0.5,0.0,0.17520175000000004,0.1752,1.7500000000503224e-06
E,X0+P1,reduction,gbdt,group,shift,18,1,False,0.23802516666666668,0.238025,1.66666666689963e-07,0.6601307189542484,0.660131,2.81045751671094e-07,0.25,0.25,0.0,0.36713175,0.367131,7.499999999938112e-07
E,X0+P1,reduction,constant,lofo,direct,18,1,True,0.43908505555555555,0.439085,5.555555554481728e-08,-0.6285435778406999,-0.628544,4.22159300073055e-07,0.0,0.0,0.0,0.9607190000000001,0.96072,9.999999999177334e-07
E,X0+P1,reduction,ridge,lofo,direct,18,1,False,0.46244694444444445,0.462446,9.444444444284272e-07,0.21568627450980393,0.215686,2.7450980394361224e-07,0.5,0.5,0.0,0.25695325,0.256952,1.250000000008189e-06
E,X0+P1,reduction,krr,lofo,direct,18,1,False,0.2547334722222222,0.254734,5.27777777814542e-07,0.5163398692810458,0.51634,1.3071895421656876e-07,0.5,0.5,0.0,0.20727425000000022,0.207273,1.250000000202478e-06
E,X0+P1,reduction,gpr,lofo,direct,18,1,False,0.2518466111111111,0.251847,3.888888888692321e-07,0.5555555555555556,0.555556,4.4444444446956055e-07,0.5,0.5,0.0,0.25695325,0.256953,2.500000000349445e-07
E,X0+P1,reduction,rf,lofo,direct,18,1,False,0.2700113888888889,0.270012,6.111111110485012e-07,0.6862745098039216,0.686275,4.901960783953996e-07,0.75,0.75,0.0,0.044467500000000104,0.0444667,8.000000001062713e-07
E,X0+P1,reduction,gbdt,lofo,direct,18,1,False,0.2222651,0.222265,1.0000000000287557e-07,0.5947712418300654,0.594771,2.418300653062033e-07,0.5,0.5,0.0,0.238931,0.23893,1.000000000001e-06
E,X0+P1,reduction,constant,lofo,shift,18,1,False,0.27029366666666665,0.270293,6.666666666488297e-07,0.6601307189542484,0.660131,2.81045751671094e-07,0.5,0.5,0.0,0.17520175000000004,0.1752,1.7500000000503224e-06
E,X0+P1,reduction,ridge,lofo,shift,18,1,False,0.39407040000000004,0.39407,4.000000000670134e-07,0.43790849673202614,0.437908,4.967320261228814e-07,0.5,0.5,0.0,0.25695325,0.256952,1.250000000008189e-06
E,X0+P1,reduction,krr,lofo,shift,18,1,False,0.24341739999999998,0.243417,3.999999999837467e-07,0.738562091503268,0.738562,9.150326796270036e-08,0.75,0.75,0.0,0.012395000000000156,0.0123932,1.8000000001558436e-06
E,X0+P1,reduction,gpr,lofo,shift,18,1,False,0.23652327777777776,0.236523,2.77777777751842e-07,0.6339869281045751,0.633987,7.189542483576616e-08,0.5,0.5,0.0,0.17520175000000004,0.1752,1.7500000000503224e-06
E,X0+P1,reduction,rf,lofo,shift,18,1,False,0.2812800555555556,0.28128,5.555555560032843e-08,0.5816993464052288,0.581699,3.4640522883488956e-07,0.5,0.5,0.0,0.17520175000000004,0.1752,1.7500000000503224e-06
E,X0+P1,reduction,gbdt,lofo,shift,18,1,False,0.2506046666666666,0.250605,3.3333333343543714e-07,0.6339869281045751,0.633987,7.189542483576616e-08,0.5,0.5,0.0,0.17520175000000004,0.1752,1.7500000000503224e-06
C,X0,oxidation,constant,random,direct,10,5,True,0.7829600000000001,0.782947,1.3000000000151779e-05,0.22473328748774737,0.224733,2.8748774738573957e-07,1.0,1.0,0.0,0.0,0.0,0.0
C,X0,oxidation,ridge,random,direct,10,5,False,1.01127,1.01126,9.999999999843467e-06,-0.06666666666666667,-0.0666667,3.3333333329665926e-08,0.0,0.0,0.0,2.2272999999999996,2.2273,4.440892098500626e-16
C,X0,oxidation,krr,random,direct,10,5,False,0.8183500000000002,0.818355,4.999999999810711e-06,-0.022222222222222223,-0.0222222,2.222222222209025e-08,0.0,0.0,0.0,1.7407000000000004,1.74071,9.999999999621423e-06
C,X0,oxidation,gpr,random,direct,10,5,True,0.8933199999999999,0.893315,4.999999999921734e-06,-0.32203059435976533,-0.314627,0.007403594359765342,0.0,0.0,0.0,2.3124000000000002,2.31238,2.0000000000131024e-05
C,X0,oxidation,rf,random,direct,10,5,False,0.8615200000000005,0.861482,3.8000000000537604e-05,-0.15555555555555556,-0.155556,4.44444444441805e-07,0.0,0.0,0.0,2.332650000000001,2.33262,3.0000000001084715e-05
C,X0,oxidation,gbdt,random,direct,10,5,False,0.9718,0.971783,1.7000000000044757e-05,-0.06666666666666667,-0.0666667,3.3333333329665926e-08,0.0,0.0,0.0,2.332650000000001,2.33262,3.0000000001084715e-05
C,X0,oxidation,constant,random,shift,10,5,False,0.5242799999999997,0.5243,2.0000000000242046e-05,0.5555555555555556,0.555556,4.4444444446956055e-07,1.0,1.0,0.0,0.0,0.0,0.0
C,X0,oxidation,ridge,random,shift,10,5,False,0.42078999999999966,0.420807,1.7000000000322313e-05,0.6444444444444445,0.644444,4.4444444446956055e-07,0.5,0.5,0.0,0.6082999999999998,0.608325,2.500000000016378e-05
C,X0,oxidation,krr,random,shift,10,5,False,0.3763699999999993,0.37636,9.999999999343867e-06,0.7333333333333333,0.733333,3.333333332689037e-07,1.0,1.0,0.0,0.0,0.0,0.0
C,X0,oxidation,gpr,random,shift,10,5,False,0.40236,0.402367,6.999999999979245e-06,0.6444444444444445,0.644444,4.4444444446956055e-07,1.0,1.0,0.0,0.0,0.0,0.0
C,X0,oxidation,rf,random,shift,10,5,False,0.4199900000000003,0.419988,2.000000000335067e-06,0.6,0.6,0.0,1.0,1.0,0.0,0.0,0.0,0.0
C,X0,oxidation,gbdt,random,shift,10,5,False,0.39757,0.397559,1.0999999999983245e-05,0.6444444444444445,0.644444,4.4444444446956055e-07,1.0,1.0,0.0,0.0,0.0,0.0
C,X0,oxidation,constant,group,direct,10,1,True,1.0482400000000003,1.04825,9.999999999621423e-06,-0.8090398349558905,-0.80904,1.6504410949025328e-07,0.0,0.0,0.0,2.766349999999999,2.76636,1.000000000095369e-05
C,X0,oxidation,ridge,group,direct,10,1,False,1.33581,1.3358,9.999999999843467e-06,0.022222222222222223,0.0222222,2.222222222209025e-08,0.0,0.0,0.0,2.2272999999999996,2.2273,4.440892098500626e-16
C,X0,oxidation,krr,group,direct,10,1,False,0.8698399999999997,0.869829,1.09999999997612e-05,-0.5111111111111111,-0.511111,1.1111111108963456e-07,0.0,0.0,0.0,2.332650000000001,2.33262,3.0000000001084715e-05
C,X0,oxidation,gpr,group,direct,10,1,False,0.9103800000000002,0.910385,4.999999999810711e-06,-1.0,-1.0,0.0,0.0,0.0,0.0,2.77355,2.77352,3.0000000000196536e-05
C,X0,oxidation,rf,group,direct,10,1,False,0.9645900000000003,0.964584,6.000000000283556e-06,-0.3333333333333333,-0.333333,3.3333333332441484e-07,0.0,0.0,0.0,2.332650000000001,2.33262,3.0000000001084715e-05
C,X0,oxidation,gbdt,group,direct,10,1,False,1.0553,1.0553,0.0,-0.24444444444444444,-0.244444,4.44444444441805e-07,0.0,0.0,0.0,2.332650000000001,2.33262,3.0000000001084715e-05
C,X0,oxidation,constant,group,shift,10,1,False,0.4958299999999996,0.495822,7.999999999619423e-06,0.5555555555555556,0.555556,4.4444444446956055e-07,1.0,1.0,0.0,0.0,0.0,0.0
C,X0,oxidation,ridge,group,shift,10,1,False,0.43073000000000033,0.430738,7.999999999674934e-06,0.6,0.6,0.0,0.5,0.5,0.0,0.6082999999999998,0.608325,2.500000000016378e-05
C,X0,oxidation,krr,group,shift,10,1,False,0.40111999999999953,0.401096,2.3999999999524402e-05,0.6,0.6,0.0,0.5,0.5,0.0,0.6082999999999998,0.608325,2.500000000016378e-05
C,X0,oxidation,gpr,group,shift,10,1,False,0.42632000000000014,0.426324,3.999999999837467e-06,0.6,0.6,0.0,1.0,1.0,0.0,0.0,0.0,0.0
C,X0,oxidation,rf,group,shift,10,1,False,0.4178199999999997,0.417823,3.0000000003083116e-06,0.6,0.6,0.0,1.0,1.0,0.0,0.0,0.0,0.0
C,X0,oxidation,gbdt,group,shift,10,1,False,0.35881000000000024,0.358816,5.999999999783956e-06,0.6444444444444445,0.644444,4.4444444446956055e-07,1.0,1.0,0.0,0.0,0.0,0.0
C,X0,oxidation,constant,lofo,direct,10,1,True,0.8970100000000002,0.897017,6.9999999997572004e-06,-0.7956600627155523,-0.79566,6.27155523069689e-08,0.0,0.0,0.0,2.77355,2.77352,3.0000000000196536e-05
C,X0,oxidation,ridge,lofo,direct,10,1,False,1.2769199999999998,1.27692,2.220446049250313e-16,0.022222222222222223,0.0222222,2.222222222209025e-08,0.0,0.0,0.0,2.2272999999999996,2.2273,4.440892098500626e-16
C,X0,oxidation,krr,lofo,direct,10,1,False,0.92225,0.922252,1.999999999946489e-06,0.1111111111111111,0.111111,1.1111111110351235e-07,0.0,0.0,0.0,1.7407000000000004,1.74071,9.999999999621423e-06
C,X0,oxidation,gpr,lofo,direct,10,1,True,0.8935800000000003,0.893581,9.999999996956888e-07,-0.8090398349558905,-0.80904,1.6504410949025328e-07,0.0,0.0,0.0,2.77355,2.77352,3.0000000000196536e-05
C,X0,oxidation,rf,lofo,direct,10,1,False,0.9364499999999998,0.936436,1.3999999999736445e-05,-0.24444444444444444,-0.244444,4.44444444441805e-07,0.0,0.0,0.0,2.332650000000001,2.33262,3.0000000001084715e-05
C,X0,oxidation,gbdt,lofo,direct,10,1,False,1.06234,1.06233,1.0000000000065512e-05,-0.24444444444444444,-0.244444,4.44444444441805e-07,0.0,0.0,0.0,2.332650000000001,2.33262,3.0000000001084715e-05
C,X0,oxidation,constant,lofo,shift,10,1,False,0.48101999999999945,0.481006,1.399999999945889e-05,0.6,0.6,0.0,1.0,1.0,0.0,0.0,0.0,0.0
C,X0,oxidation,ridge,lofo,shift,10,1,False,0.5086900000000002,0.508681,9.000000000147779e-06,0.5555555555555556,0.555556,4.4444444446956055e-07,0.5,0.5,0.0,0.6082999999999998,0.608325,2.500000000016378e-05
C,X0,oxidation,krr,lofo,shift,10,1,False,0.4708899999999995,0.470857,3.2999999999450136e-05,0.6444444444444445,0.644444,4.4444444446956055e-07,0.5,0.5,0.0,0.6082999999999998,0.608325,2.500000000016378e-05
C,X0,oxidation,gpr,lofo,shift,10,1,False,0.45437999999999973,0.45438,2.7755575615628914e-16,0.6,0.6,0.0,1.0,1.0,0.0,0.0,0.0,0.0
C,X0,oxidation,rf,lofo,shift,10,1,False,0.42699999999999994,0.426988,1.199999999995649e-05,0.6,0.6,0.0,1.0,1.0,0.0,0.0,0.0,0.0
C,X0,oxidation,gbdt,lofo,shift,10,1,False,0.36613000000000007,0.366133,2.9999999999197335e-06,0.6444444444444445,0.644444,4.4444444446956055e-07,1.0,1.0,0.0,0.0,0.0,0.0
C,X0,reduction,constant,random,direct,10,5,True,0.3471360000000001,0.347138,1.999999999890978e-06,-0.5393598899705937,-0.53936,1.1002940625282065e-07,0.0,0.0,0.0,0.6859999999999999,0.686004,4.000000000004e-06
C,X0,reduction,ridge,random,direct,10,5,False,0.2359570000000001,0.235957,1.1102230246251565e-16,0.15555555555555556,0.155556,4.44444444441805e-07,0.5,0.5,0.0,0.18981499999999984,0.189817,2.0000000001685336e-06
C,X0,reduction,krr,random,direct,10,5,False,0.28913900000000003,0.289139,5.551115123125783e-17,-0.15555555555555556,-0.155556,4.44444444441805e-07,0.0,0.0,0.0,0.30939499999999986,0.309397,2.0000000001130225e-06
C,X0,reduction,gpr,random,direct,10,5,True,0.24364500000000003,0.243647,1.9999999999742446e-06,-0.4773960376293314,-0.466667,0.010729037629331417,0.0,0.0,0.0,0.5927199999999999,0.592724,4.000000000115023e-06
C,X0,reduction,rf,random,direct,10,5,False,0.24006599999999997,0.240066,2.7755575615628914e-17,0.1111111111111111,0.111111,1.1111111110351235e-07,0.0,0.0,0.0,0.4448400000000001,0.44484,1.1102230246251565e-16
C,X0,reduction,gbdt,random,direct,10,5,False,0.23402700000000004,0.234027,2.7755575615628914e-17,0.15555555555555556,0.155556,4.44444444441805e-07,0.0,0.0,0.0,0.4448400000000001,0.44484,1.1102230246251565e-16
C,X0,reduction,constant,random,shift,10,5,False,0.832118,0.832117,1.0000000000287557e-06,-0.6444444444444445,-0.644444,4.4444444446956055e-07,0.0,0.0,0.0,0.6859999999999999,0.686004,4.000000000004e-06
C,X0,reduction,ridge,random,shift,10,5,False,0.622096,0.622094,1.999999999946489e-06,0.15555555555555556,0.155556,4.44444444441805e-07,0.5,0.5,0.0,0.34830499999999986,0.348304,9.999999998622222e-07
C,X0,reduction,krr,random,shift,10,5,False,0.577407,0.577407,0.0,-0.2,-0.2,0.0,0.5,0.5,0.0,0.4127049999999999,0.412706,1.000000000139778e-06
C,X0,reduction,gpr,random,shift,10,5,False,0.654627,0.654627,0.0,-0.4666666666666667,-0.466667,3.3333333332441484e-07,0.0,0.0,0.0,0.4572750000000001,0.457281,5.999999999894978e-06
C,X0,reduction,rf,random,shift,10,5,False,0.5463470000000001,0.546346,1.000000000139778e-06,-0.4222222222222222,-0.422222,2.2222222223478028e-07,0.0,0.0,0.0,0.745025,0.745027,1.999999999946489e-06
C,X0,reduction,gbdt,random,shift,10,5,False,0.5779650000000001,0.577964,1.0000000000287557e-06,-0.28888888888888886,-0.288889,1.1111111114514571e-07,0.0,0.0,0.0,0.4572750000000001,0.457281,5.999999999894978e-06
C,X0,reduction,constant,group,direct,10,1,True,0.27671400000000007,0.276715,9.999999999177334e-07,-0.674199862463242,-0.6742,1.3753675798255927e-07,0.0,0.0,0.0,0.745025,0.745027,1.999999999946489e-06
C,X0,reduction,ridge,group,direct,10,1,False,0.24777500000000002,0.247774,1.0000000000287557e-06,-0.1111111111111111,-0.111111,1.1111111110351235e-07,0.5,0.5,0.0,0.2648250000000001,0.264823,2.0000000001130225e-06
C,X0,reduction,krr,group,direct,10,1,False,0.24918400000000013,0.249185,9.999999998622222e-07,0.022222222222222223,0.0222222,2.222222222209025e-08,0.5,0.5,0.0,0.2648250000000001,0.264823,2.0000000001130225e-06
C,X0,reduction,gpr,group,direct,10,1,False,0.22462400000000007,0.224625,9.999999999177334e-07,-0.7333333333333333,-0.733333,3.333333332689037e-07,0.0,0.0,0.0,0.745025,0.745027,1.999999999946489e-06
C,X0,reduction,rf,group,direct,10,1,False,0.23033200000000006,0.230333,9.99999999945489e-07,0.15555555555555556,0.155556,4.44444444441805e-07,0.0,0.0,0.0,0.4448400000000001,0.44484,1.1102230246251565e-16
C,X0,reduction,gbdt,group,direct,10,1,False,0.21498100000000003,0.214981,2.7755575615628914e-17,0.3333333333333333,0.333333,3.3333333332441484e-07,0.5,0.5,0.0,0.2648250000000001,0.264823,2.0000000001130225e-06
C,X0,reduction,constant,group,shift,10,1,False,0.6326560000000001,0.632656,1.1102230246251565e-16,-0.7333333333333333,-0.733333,3.333333332689037e-07,0.0,0.0,0.0,0.745025,0.745027,1.999999999946489e-06
C,X0,reduction,ridge,group,shift,10,1,False,0.4432689999999999,0.443267,1.999999999890978e-06,0.15555555555555556,0.155556,4.44444444441805e-07,0.5,0.5,0.0,0.40732999999999997,0.407327,2.9999999999752447e-06
C,X0,reduction,krr,group,shift,10,1,False,0.42447099999999993,0.424471,5.551115123125783e-17,-0.28888888888888886,-0.288889,1.1111111114514571e-07,0.0,0.0,0.0,0.4572750000000001,0.457281,5.999999999894978e-06
C,X0,reduction,gpr,group,shift,10,1,False,0.626756,0.626756,0.0,-0.28888888888888886,-0.288889,1.1111111114514571e-07,0.0,0.0,0.0,0.4572750000000001,0.457281,5.999999999894978e-06
C,X0,reduction,rf,group,shift,10,1,False,0.473106,0.473107,9.999999999732445e-07,-0.3333333333333333,-0.333333,3.3333333332441484e-07,0.0,0.0,0.0,0.4572750000000001,0.457281,5.999999999894978e-06
C,X0,reduction,gbdt,group,shift,10,1,False,0.5403589999999999,0.540358,9.999999999177334e-07,-0.3333333333333333,-0.333333,3.3333333332441484e-07,0.0,0.0,0.0,0.5927199999999999,0.592724,4.000000000115023e-06
C,X0,reduction,constant,lofo,direct,10,1,True,0.21808900000000006,0.21809,9.99999999945489e-07,-0.4773960376293314,-0.477396,3.762933142859026e-08,0.0,0.0,0.0,0.4519000000000002,0.451902,1.9999999998354667e-06
C,X0,reduction,ridge,lofo,direct,10,1,False,0.259369,0.259368,1.0000000000287557e-06,0.1111111111111111,0.111111,1.1111111110351235e-07,0.5,0.5,0.0,0.2648250000000001,0.264823,2.0000000001130225e-06
C,X0,reduction,krr,lofo,direct,10,1,False,0.20881800000000003,0.20882,1.9999999999742446e-06,0.2,0.2,0.0,0.5,0.5,0.0,0.2648250000000001,0.264823,2.0000000001130225e-06
C,X0,reduction,gpr,lofo,direct,10,1,True,0.21811000000000008,0.218111,9.999999999177334e-07,-0.4944132324730442,-0.494413,2.324730442038181e-07,0.0,0.0,0.0,0.4519000000000002,0.451902,1.9999999998354667e-06
C,X0,reduction,rf,lofo,direct,10,1,False,0.215261,0.215262,1.000000000001e-06,0.3333333333333333,0.333333,3.3333333332441484e-07,0.0,0.0,0.0,0.4448400000000001,0.44484,1.1102230246251565e-16
C,X0,reduction,gbdt,lofo,direct,10,1,False,0.21729300000000001,0.217294,9.999999999732445e-07,0.4222222222222222,0.422222,2.2222222223478028e-07,0.5,0.5,0.0,0.2648250000000001,0.264823,2.0000000001130225e-06
C,X0,reduction,constant,lofo,shift,10,1,False,0.6804390000000001,0.680439,1.1102230246251565e-16,-0.5111111111111111,-0.511111,1.1111111108963456e-07,0.0,0.0,0.0,0.4572750000000001,0.457281,5.999999999894978e-06
C,X0,reduction,ridge,lofo,shift,10,1,False,0.5362180000000001,0.536215,3.000000000086267e-06,-0.022222222222222223,-0.0222222,2.222222222209025e-08,0.5,0.5,0.0,0.40732999999999997,0.407327,2.9999999999752447e-06
C,X0,reduction,krr,lofo,shift,10,1,False,0.40230699999999986,0.402307,1.6653345369377348e-16,0.022222222222222223,0.0222222,2.222222222209025e-08,0.5,0.5,0.0,0.11958000000000002,0.119581,9.999999999871223e-07
C,X0,reduction,gpr,lofo,shift,10,1,False,0.6560410000000001,0.656041,1.1102230246251565e-16,-0.28888888888888886,-0.288889,1.1111111114514571e-07,0.0,0.0,0.0,0.4572750000000001,0.457281,5.999999999894978e-06
C,X0,reduction,rf,lofo,shift,10,1,False,0.5359680000000001,0.535968,1.1102230246251565e-16,-0.28888888888888886,-0.288889,1.1111111114514571e-07,0.0,0.0,0.0,0.4572750000000001,0.457281,5.999999999894978e-06
C,X0,reduction,gbdt,lofo,shift,10,1,False,0.5909410000000002,0.590942,9.99999999806711e-07,-0.28888888888888886,-0.288889,1.1111111114514571e-07,0.0,0.0,0.0,0.4572750000000001,0.457281,5.999999999894978e-06
C,X0+X1,oxidation,constant,random,direct,10,5,True,0.7829600000000001,0.782947,1.3000000000151779e-05,0.22473328748774737,0.224733,2.8748774738573957e-07,1.0,1.0,0.0,0.0,0.0,0.0
C,X0+X1,oxidation,ridge,random,direct,10,5,False,0.8400900000000002,0.840087,3.0000000001972893e-06,0.24444444444444444,0.244444,4.44444444441805e-07,0.5,0.5,0.0,1.0473,1.04731,1.0000000000065512e-05
C,X0+X1,oxidation,krr,random,direct,10,5,False,0.7913499999999999,0.791335,1.4999999999876223e-05,0.2,0.2,0.0,0.0,0.0,0.0,1.7407000000000004,1.74071,9.999999999621423e-06
C,X0+X1,oxidation,gpr,random,direct,10,5,True,0.8819999999999999,0.881994,5.999999999950489e-06,0.044946657497549475,0.0666667,0.02172004250245052,0.0,0.0,0.0,1.7407000000000004,1.74071,9.999999999621423e-06
C,X0+X1,oxidation,rf,random,direct,10,5,False,0.7160999999999997,0.716115,1.500000000020929e-05,0.24444444444444444,0.244444,4.44444444441805e-07,0.5,0.5,0.0,1.1799999999999997,1.17999,9.999999999621423e-06
C,X0+X1,oxidation,gbdt,random,direct,10,5,False,0.8288800000000002,0.828894,1.3999999999847468e-05,0.28888888888888886,0.288889,1.1111111114514571e-07,0.5,0.5,0.0,0.6082999999999998,0.608325,2.500000000016378e-05
C,X0+X1,oxidation,constant,random,shift,10,5,False,0.5242799999999997,0.5243,2.0000000000242046e-05,0.5555555555555556,0.555556,4.4444444446956055e-07,1.0,1.0,0.0,0.0,0.0,0.0
C,X0+X1,oxidation,ridge,random,shift,10,5,False,0.44720000000000015,0.447197,3.000000000141778e-06,0.6444444444444445,0.644444,4.4444444446956055e-07,0.5,0.5,0.0,0.6082999999999998,0.608325,2.500000000016378e-05
C,X0+X1,oxidation,krr,random,shift,10,5,False,0.40719999999999973,0.407186,1.3999999999736445e-05,0.6444444444444445,0.644444,4.4444444446956055e-07,1.0,1.0,0.0,0.0,0.0,0.0
C,X0+X1,oxidation,gpr,random,shift,10,5,False,0.42502999999999974,0.425029,9.999999997512e-07,0.6,0.6,0.0,1.0,1.0,0.0,0.0,0.0,0.0
C,X0+X1,oxidation,rf,random,shift,10,5,False,0.3576999999999998,0.357707,7.00000000020129e-06,0.6888888888888889,0.688889,1.1111111108963456e-07,1.0,1.0,0.0,0.0,0.0,0.0
C,X0+X1,oxidation,gbdt,random,shift,10,5,False,0.36365999999999976,0.363677,1.700000000021129e-05,0.6888888888888889,0.688889,1.1111111108963456e-07,1.0,1.0,0.0,0.0,0.0,0.0
C,X0+X1,oxidation,constant,group,direct,10,1,True,1.0482400000000003,1.04825,9.999999999621423e-06,-0.8090398349558905,-0.80904,1.6504410949025328e-07,0.0,0.0,0.0,2.766349999999999,2.76636,1.000000000095369e-05
C,X0+X1,oxidation,ridge,group,direct,10,1,False,0.8740999999999994,0.874114,1.4000000000513602e-05,0.2,0.2,0.0,0.0,0.0,0.0,1.7407000000000004,1.74071,9.999999999621423e-06
C,X0+X1,oxidation,krr,group,direct,10,1,False,0.9984200000000001,0.998413,7.000000000090267e-06,0.15555555555555556,0.155556,4.44444444441805e-07,0.0,0.0,0.0,1.7407000000000004,1.74071,9.999999999621423e-06
C,X0+X1,oxidation,gpr,group,direct,10,1,False,0.9734499999999999,0.973442,7.999999999896978e-06,-0.2,-0.2,0.0,0.0,0.0,0.0,1.7407000000000004,1.74071,9.999999999621423e-06
C,X0+X1,oxidation,rf,group,direct,10,1,False,0.8517299999999999,0.851723,6.999999999868223e-06,-0.06666666666666667,-0.0666667,3.3333333329665926e-08,0.0,0.0,0.0,2.2272999999999996,2.2273,4.440892098500626e-16
C,X0+X1,oxidation,gbdt,group,direct,10,1,False,0.99398,0.993974,5.999999999950489e-06,-0.022222222222222223,-0.0222222,2.222222222209025e-08,0.0,0.0,0.0,2.2272999999999996,2.2273,4.440892098500626e-16
C,X0+X1,oxidation,constant,group,shift,10,1,False,0.4958299999999996,0.495822,7.999999999619423e-06,0.5555555555555556,0.555556,4.4444444446956055e-07,1.0,1.0,0.0,0.0,0.0,0.0
C,X0+X1,oxidation,ridge,group,shift,10,1,False,0.5478,0.547796,4.000000000004e-06,0.6,0.6,0.0,0.5,0.5,0.0,0.6082999999999998,0.608325,2.500000000016378e-05
C,X0+X1,oxidation,krr,group,shift,10,1,False,0.37756000000000006,0.377551,9.000000000036756e-06,0.7333333333333333,0.733333,3.333333332689037e-07,1.0,1.0,0.0,0.0,0.0,0.0
C,X0+X1,oxidation,gpr,group,shift,10,1,False,0.49448999999999954,0.494474,1.59999999995164e-05,0.6,0.6,0.0,1.0,1.0,0.0,0.0,0.0,0.0
C,X0+X1,oxidation,rf,group,shift,10,1,False,0.3656299999999998,0.365627,2.9999999998087112e-06,0.6888888888888889,0.688889,1.1111111108963456e-07,1.0,1.0,0.0,0.0,0.0,0.0
C,X0+X1,oxidation,gbdt,group,shift,10,1,False,0.3816000000000003,0.381593,7.000000000256801e-06,0.6444444444444445,0.644444,4.4444444446956055e-07,1.0,1.0,0.0,0.0,0.0,0.0
C,X0+X1,oxidation,constant,lofo,direct,10,1,True,0.8970100000000002,0.897017,6.9999999997572004e-06,-0.7956600627155523,-0.79566,6.27155523069689e-08,0.0,0.0,0.0,2.77355,2.77352,3.0000000000196536e-05
C,X0+X1,oxidation,ridge,lofo,direct,10,1,False,0.8320599999999994,0.832074,1.4000000000624624e-05,0.24444444444444444,0.244444,4.44444444441805e-07,0.0,0.0,0.0,1.7407000000000004,1.74071,9.999999999621423e-06
C,X0+X1,oxidation,krr,lofo,direct,10,1,False,0.9821300000000001,0.982109,2.1000000000048757e-05,0.2,0.2,0.0,0.0,0.0,0.0,1.7407000000000004,1.74071,9.999999999621423e-06
C,X0+X1,oxidation,gpr,lofo,direct,10,1,False,0.9222199999999999,0.922217,2.9999999999752447e-06,-0.1111111111111111,-0.111111,1.1111111110351235e-07,0.0,0.0,0.0,1.7407000000000004,1.74071,9.999999999621423e-06
C,X0+X1,oxidation,rf,lofo,direct,10,1,False,0.8280400000000002,0.828038,2.0000000001685336e-06,0.06666666666666667,0.0666667,3.3333333329665926e-08,0.0,0.0,0.0,2.2272999999999996,2.2273,4.440892098500626e-16
C,X0+X1,oxidation,gbdt,lofo,direct,10,1,False,0.9402999999999997,0.940304,4.000000000337067e-06,0.06666666666666667,0.0666667,3.3333333329665926e-08,0.0,0.0,0.0,2.2272999999999996,2.2273,4.440892098500626e-16
C,X0+X1,oxidation,constant,lofo,shift,10,1,False,0.48101999999999945,0.481006,1.399999999945889e-05,0.6,0.6,0.0,1.0,1.0,0.0,0.0,0.0,0.0
C,X0+X1,oxidation,ridge,lofo,shift,10,1,False,0.6020699999999998,0.602059,1.09999999997612e-05,0.5555555555555556,0.555556,4.4444444446956055e-07,0.5,0.5,0.0,0.6082999999999998,0.608325,2.500000000016378e-05
C,X0+X1,oxidation,krr,lofo,shift,10,1,False,0.60131,0.601302,8.000000000008e-06,0.5555555555555556,0.555556,4.4444444446956055e-07,0.5,0.5,0.0,0.6082999999999998,0.608325,2.500000000016378e-05
C,X0+X1,oxidation,gpr,lofo,shift,10,1,False,0.5155399999999993,0.515523,1.6999999999378623e-05,0.6,0.6,0.0,1.0,1.0,0.0,0.0,0.0,0.0
C,X0+X1,oxidation,rf,lofo,shift,10,1,False,0.3783200000000001,0.378332,1.1999999999900979e-05,0.6444444444444445,0.644444,4.4444444446956055e-07,1.0,1.0,0.0,0.0,0.0,0.0
C,X0+X1,oxidation,gbdt,lofo,shift,10,1,False,0.3246100000000002,0.324602,8.000000000174534e-06,0.6444444444444445,0.644444,4.4444444446956055e-07,1.0,1.0,0.0,0.0,0.0,0.0
C,X0+X1,reduction,constant,random,direct,10,5,True,0.3471360000000001,0.347138,1.999999999890978e-06,-0.5393598899705937,-0.53936,1.1002940625282065e-07,0.0,0.0,0.0,0.6859999999999999,0.686004,4.000000000004e-06
C,X0+X1,reduction,ridge,random,direct,10,5,False,0.268588,0.268588,0.0,-0.15555555555555556,-0.155556,4.44444444441805e-07,0.0,0.0,0.0,0.4478,0.447802,2.000000000002e-06
C,X0+X1,reduction,krr,random,direct,10,5,False,0.29630200000000007,0.296301,1.0000000000842668e-06,0.06666666666666667,0.0666667,3.3333333329665926e-08,0.0,0.0,0.0,0.4478,0.447802,2.000000000002e-06
C,X0+X1,reduction,gpr,random,direct,10,5,True,0.22960700000000006,0.229606,1.0000000000565112e-06,-0.4319297483312999,-0.449467,0.017537251668700127,0.0,0.0,0.0,0.5927199999999999,0.592724,4.000000000115023e-06
C,X0+X1,reduction,rf,random,direct,10,5,False,0.23666500000000013,0.236667,1.9999999998632223e-06,-0.1111111111111111,-0.111111,1.1111111110351235e-07,0.0,0.0,0.0,0.4448400000000001,0.44484,1.1102230246251565e-16
C,X0+X1,reduction,gbdt,random,direct,10,5,False,0.24005300000000007,0.240054,9.999999999177334e-07,0.2,0.2,0.0,0.0,0.0,0.0,0.4448400000000001,0.44484,1.1102230246251565e-16
C,X0+X1,reduction,constant,random,shift,10,5,False,0.832118,0.832117,1.0000000000287557e-06,-0.6444444444444445,-0.644444,4.4444444446956055e-07,0.0,0.0,0.0,0.6859999999999999,0.686004,4.000000000004e-06
C,X0+X1,reduction,ridge,random,shift,10,5,False,0.2769980000000001,0.276999,9.999999999177334e-07,0.06666666666666667,0.0666667,3.3333333329665926e-08,0.5,0.5,0.0,0.34830499999999986,0.348304,9.999999998622222e-07
C,X0+X1,reduction,krr,random,shift,10,5,False,0.49267400000000006,0.492675,9.999999999177334e-07,-0.28888888888888886,-0.288889,1.1111111114514571e-07,0.0,0.0,0.0,0.5312799999999998,0.531283,3.0000000001972893e-06
C,X0+X1,reduction,gpr,random,shift,10,5,False,0.46598700000000015,0.465987,1.6653345369377348e-16,-0.28888888888888886,-0.288889,1.1111111114514571e-07,0.0,0.0,0.0,0.4572750000000001,0.457281,5.999999999894978e-06
C,X0+X1,reduction,rf,random,shift,10,5,False,0.45252400000000004,0.452527,2.9999999999752447e-06,-0.37777777777777777,-0.377778,2.2222222223478028e-07,0.0,0.0,0.0,0.6859999999999999,0.686004,4.000000000004e-06
C,X0+X1,reduction,gbdt,random,shift,10,5,False,0.4762880000000001,0.47629,1.999999999890978e-06,-0.28888888888888886,-0.288889,1.1111111114514571e-07,0.0,0.0,0.0,0.5881400000000001,0.588145,4.999999999921734e-06
C,X0+X1,reduction,constant,group,direct,10,1,True,0.27671400000000007,0.276715,9.999999999177334e-07,-0.674199862463242,-0.6742,1.3753675798255927e-07,0.0,0.0,0.0,0.745025,0.745027,1.999999999946489e-06
C,X0+X1,reduction,ridge,group,direct,10,1,False,0.31168300000000004,0.311684,9.999999999732445e-07,-0.06666666666666667,-0.0666667,3.3333333329665926e-08,0.0,0.0,0.0,0.4478,0.447802,2.000000000002e-06
C,X0+X1,reduction,krr,group,direct,10,1,False,0.29508800000000013,0.295089,9.999999998622222e-07,0.28888888888888886,0.288889,1.1111111114514571e-07,0.0,0.0,0.0,0.4478,0.447802,2.000000000002e-06
C,X0+X1,reduction,gpr,group,direct,10,1,True,0.22460400000000008,0.224605,9.999999999177334e-07,-0.7191465199607916,-0.688889,0.030257519960791623,0.0,0.0,0.0,0.745025,0.745027,1.999999999946489e-06
C,X0+X1,reduction,rf,group,direct,10,1,False,0.24477100000000007,0.24477,1.0000000000842668e-06,-0.1111111111111111,-0.111111,1.1111111110351235e-07,0.0,0.0,0.0,0.4448400000000001,0.44484,1.1102230246251565e-16
C,X0+X1,reduction,gbdt,group,direct,10,1,False,0.22785700000000003,0.227856,1.0000000000287557e-06,0.24444444444444444,0.244444,4.44444444441805e-07,0.0,0.0,0.0,0.4402599999999999,0.440262,2.0000000001130225e-06
C,X0+X1,reduction,constant,group,shift,10,1,False,0.6326560000000001,0.632656,1.1102230246251565e-16,-0.7333333333333333,-0.733333,3.333333332689037e-07,0.0,0.0,0.0,0.745025,0.745027,1.999999999946489e-06
C,X0+X1,reduction,ridge,group,shift,10,1,False,0.24331900000000012,0.243319,1.1102230246251565e-16,0.2,0.2,0.0,0.5,0.5,0.0,0.2648250000000001,0.264823,2.0000000001130225e-06
C,X0+X1,reduction,krr,group,shift,10,1,False,0.43936100000000006,0.439361,5.551115123125783e-17,-0.5111111111111111,-0.511111,1.1111111108963456e-07,0.0,0.0,0.0,0.5381200000000002,0.538121,9.99999999806711e-07
C,X0+X1,reduction,gpr,group,shift,10,1,False,0.2701200000000001,0.270122,1.999999999890978e-06,0.022222222222222223,0.0222222,2.222222222209025e-08,0.5,0.5,0.0,0.4127049999999999,0.412706,1.000000000139778e-06
C,X0+X1,reduction,rf,group,shift,10,1,False,0.41485500000000003,0.414856,9.999999999732445e-07,-0.3333333333333333,-0.333333,3.3333333332441484e-07,0.0,0.0,0.0,0.4572750000000001,0.457281,5.999999999894978e-06
C,X0+X1,reduction,gbdt,group,shift,10,1,False,0.40837,0.408371,9.999999999732445e-07,-0.3333333333333333,-0.333333,3.3333333332441484e-07,0.0,0.0,0.0,0.6859999999999999,0.686004,4.000000000004e-06
C,X0+X1,reduction,constant,lofo,direct,10,1,True,0.21808900000000006,0.21809,9.99999999945489e-07,-0.4773960376293314,-0.477396,3.762933142859026e-08,0.0,0.0,0.0,0.4519000000000002,0.451902,1.9999999998354667e-06
C,X0+X1,reduction,ridge,lofo,direct,10,1,False,0.27587400000000006,0.275875,9.999999999177334e-07,0.06666666666666667,0.0666667,3.3333333329665926e-08,0.0,0.0,0.0,0.4478,0.447802,2.000000000002e-06
C,X0+X1,reduction,krr,lofo,direct,10,1,False,0.2569690000000001,0.25697,9.999999998622222e-07,0.2,0.2,0.0,0.0,0.0,0.0,0.4478,0.447802,2.000000000002e-06
C,X0+X1,reduction,gpr,lofo,direct,10,1,True,0.21808900000000006,0.218089,5.551115123125783e-17,-0.4773960376293314,-0.466667,0.010729037629331417,0.0,0.0,0.0,0.4519000000000002,0.745027,0.2931269999999998
C,X0+X1,reduction,rf,lofo,direct,10,1,False,0.2334120000000001,0.233411,1.0000000000842668e-06,-0.06666666666666667,-0.0666667,3.3333333329665926e-08,0.0,0.0,0.0,0.4448400000000001,0.44484,1.1102230246251565e-16
C,X0+X1,reduction,gbdt,lofo,direct,10,1,False,0.21401499999999998,0.214014,9.999999999732445e-07,0.28888888888888886,0.288889,1.1111111114514571e-07,0.0,0.0,0.0,0.4402599999999999,0.440262,2.0000000001130225e-06
C,X0+X1,reduction,constant,lofo,shift,10,1,False,0.6804390000000001,0.680439,1.1102230246251565e-16,-0.5111111111111111,-0.511111,1.1111111108963456e-07,0.0,0.0,0.0,0.4572750000000001,0.457281,5.999999999894978e-06
C,X0+X1,reduction,ridge,lofo,shift,10,1,False,0.34526200000000007,0.345261,1.0000000000842668e-06,0.2,0.2,0.0,0.5,0.5,0.0,0.2648250000000001,0.264823,2.0000000001130225e-06
C,X0+X1,reduction,krr,lofo,shift,10,1,False,0.36915100000000006,0.369152,9.999999999177334e-07,-0.1111111111111111,-0.111111,1.1111111110351235e-07,0.0,0.0,0.0,0.5381200000000002,0.538121,9.99999999806711e-07
C,X0+X1,reduction,gpr,lofo,shift,10,1,False,0.4085510000000001,0.408553,1.999999999890978e-06,0.022222222222222223,0.0222222,2.222222222209025e-08,0.0,0.0,0.0,0.4572750000000001,0.457281,5.999999999894978e-06
C,X0+X1,reduction,rf,lofo,shift,10,1,False,0.44971000000000017,0.449711,9.999999998622222e-07,-0.28888888888888886,-0.288889,1.1111111114514571e-07,0.0,0.0,0.0,0.4572750000000001,0.457281,5.999999999894978e-06
C,X0+X1,reduction,gbdt,lofo,shift,10,1,False,0.45655999999999997,0.456561,1.0000000000287557e-06,-0.15555555555555556,-0.155556,4.44444444441805e-07,0.0,0.0,0.0,0.4572750000000001,0.457281,5.999999999894978e-06
