task,axis,baseline,n_T_median_tau080,n_T_majority_tau080,n_T_majority_combined,median_overstates_majority,regret_tolerance_ev
C,oxidation,diversity,8,8,9,False,0.1619
C,oxidation,random,9,10,10,True,0.1619
C,oxidation,ranking_aware,9,10,10,True,0.1619
C,oxidation,uncertainty,8,8,9,False,0.1619
C,reduction,diversity,9,9,9,False,0.041270500000000016
C,reduction,random,9,9,10,False,0.041270500000000016
C,reduction,ranking_aware,9,10,10,True,0.041270500000000016
C,reduction,uncertainty,9,9,9,False,0.041270500000000016
E,oxidation,diversity,14,14,18,False,0.16414650000000003
E,oxidation,random,15,15,17,False,0.16414650000000003
E,oxidation,ranking_aware,13,14,15,True,0.16414650000000003
E,oxidation,uncertainty,12,14,18,True,0.16414650000000003
E,reduction,diversity,13,13,13,False,0.08099575000000002
E,reduction,random,14,15,18,True,0.08099575000000002
E,reduction,ranking_aware,13,14,14,True,0.08099575000000002
E,reduction,uncertainty,13,14,14,True,0.08099575000000002
M,oxidation,diversity,13,13,16,False,0.22725399999999998
M,oxidation,random,13,15,16,True,0.22725399999999998
M,oxidation,ranking_aware,13,15,15,True,0.22725399999999998
M,oxidation,uncertainty,12,13,15,True,0.22725399999999998
M,reduction,diversity,13,13,17,False,0.11163849999999997
M,reduction,random,13,14,18,True,0.11163849999999997
M,reduction,ranking_aware,13,14,15,True,0.11163849999999997
M,reduction,uncertainty,13,14,18,True,0.11163849999999997
