组,ID,条款,核心文件要求,实际执行,来源(文件:字段),状态,备注
§21,S1,§21 L1307–1319,N_{\mathrm{mol}} \times N_{\mathrm{charge}} \times N_{\mathrm{conformer}} \times N_{\mathrm{environment}} \times N_{\mathrm{motif}}.,N_mol: core 18 + broad 40; N_charge: 3 态; N_conformer: T6 子集 32 个构象/12 分子; N_environment: 预注册 4 层 (+SMD acetonitrile/water); N_motif: 12 个保留 motif,config/scientific_definitions.yaml:dataset.core_set.n_rows|broad_pool.n_rows; outputs/week6/t6_conformer_spread.json:counts.p1.n_conformers_total; outputs/week22/dielectric_limit.json:preregistered_epsilon_values; outputs/week5/li_motif_generation.json:n_kept_motifs,PASS,五个因子均可在仓库定位；无单一乘积字段。构象因子仅覆盖 12 分子审计子集，非全 core。
§21,S2,§21 L1321,60 个母分子很容易扩展成上千次 optimization/frequency/single-point jobs。因此…,母分子 core 18 + broad 40 = 58；published .out 作业工件 1657（>1000）；全目录 .out 2312,outputs/**/*.out (script artifacts scan),PASS,“>1000 jobs”成立（published 1657）。母分子合计 58 接近 60，但 core 单独仅 18（见 R1）。
§21,S3,§21 L1323,- median CPU-core-hours；,"无 CPU-core-hours 字段。wall-clock: P1 core median 29.77 s（total 2194.13 s, nprocs 8）；C1 median job 37.66 s / max 1944.73 s",outputs/week4/p1_core_set_summary.json:wall_clock_seconds_median; outputs/week5/c1_li_coordination_summary.json:timing_seconds.median_job,PARTIAL,median CPU-core-hours = not_available_in_repo（无 CPU-time / 无 nprocs*wall 记录）；仅有 wall-clock 秒。
§21,S4,§21 L1324,- 90th percentile job cost；,90th percentile job cost = not_available_in_repo；仓库仅有 median 与 max。,outputs/week4/p1_core_set_summary.json:wall_clock_seconds_by_state (median/max),MISSING,T6 的 p90_spread_ev 是构象能量离散度，不是作业成本。
§21,S5,§21 L1325,- failure rate；,C1: n_jobs 92 / n_ok 91 / execution_failed 1（rate 0.0109）；其余多数 summary n_failed=0；全目录 .out 硬失败 2（均在 scratch，published 0）,outputs/week5/c1_li_coordination_summary.json:status_counts; outputs/week*/**/*.json:n_failed,PASS,failure rate 可算且有明确来源；但无跨阶段统一汇总表（多数 summary 不写 n_failed）。
§21,S6,§21 L1326,- conformer survival rate；,T6: 12 分子、构象 total 32 / scored 32、failures 0；manifest n_confs 24 / keep 4,outputs/week6/t6_conformer_spread.json:counts.p1; outputs/week6/t6_conformer_manifest.json:parameters,PARTIAL,有构象计数与 0 失败，但无显式 conformer survival rate 字段，且仅 12 分子审计子集。
§21,S7,§21 L1327,- Li-motif survival rate；,motif 预筛: candidates 46 -> kept 12（keep ratio 0.2609）；有 motif 分子 10；DFT 臂 91/92 ok,outputs/week5/li_motif_generation.json:n_candidates/n_kept_motifs; outputs/week5/c1_li_coordination_summary.json:n_ok,PASS,预筛保留率 12/46 与 DFT 执行存活 91/92 均可复算；无单一 frozen survival 字段。
§21,S8,§21 L1328,- frequency cost fraction。,frequency cost fraction = not_available_in_repo；T2 记 n_opt_jobs 12、n_sp_jobs 36、n_imaginary_unresolved 2，但 opt+freq 合并计时、无 frequency-only 成本,outputs/week4/t2_opt_freq_summary.json:n_opt_jobs/n_sp_jobs/per_molecule.opt_seconds,MISSING,无 frequency-only 机时或占比字段。
§21,S9,§21 L1330,之后再冻结 core-set 最终规模。,core-set 规模已冻结为 18（category: family 覆盖分子；含 2-3 机理对照）,config/scientific_definitions.yaml:dataset.core_set.n_rows/size_note,PARTIAL,规模已冻结且有书面理由；但冻结并非建立在 §21 六项统计齐备之上（六项中有 2 项 MISSING、2 项 PARTIAL）。
§21,S10,§21 L1332–1336,如果 frequency 成本过高，应在 benchmark 后决定是否：,三项处置均有记录：near-degenerate 定向升级已实现（R8 targeted two-guess）；热修正选择完全不做（0 K 电子能 + 垂直 gap）；frequency 仅对 G2 审计子集做,docs/17_plan_optimization_branchABC.md:25; docs/31_plan_revision_expert_review.md:340; outputs/week23/targeted_two_guess.json,PARTIAL,非逐条对照核心文件三选项；「只对低能构象做 freq」仅以 12 分子审计子集局部实现。
关联口径,R1,§5.1 L352,建议 $N_{\mathrm{core}}\approx60$–100。,core set 实际 18（建议 60–100）,config/scientific_definitions.yaml:dataset.core_set.n_rows/size_note,PARTIAL,主动取舍：明确书面记录缩小到 18 以侧重机制，非疏漏。
关联口径,R2,§5.1 L358,建议 $N_{\mathrm{pool}}\approx300$–1000，视自动化和资源而定。,broad cheap pool 实际 40（建议 300–1000）,config/scientific_definitions.yaml:dataset.broad_pool.n_rows,PARTIAL,主动取舍：只做 P0（见 R5），规模远低于建议区间。
关联口径,R3,§19 Stage1 L1153,1. 选 8–10 个 method-audit molecules；,method-audit molecules 实际 12（xTB：neutral/cation/anion）,outputs/week2/method_audit_xtb_summary.json:n_molecules,PASS,分子数达标（12 ≥ 8–10）；泛函/基组维度覆盖另有 gap（见 docs/41 D1/D3），不在本条口径内。
关联口径,R4,§7.3 L527,可从 range-separated hybrid + triple-$\zeta$ basis 作为生产候选，例如 $…,生产单点 = r2SCAN-3c（def2-mTZVPP 复合基组，含 D4/RIJCOSX）；wB97X-D4/def2-TZVPP 仅列为审计臂,outputs/week4/p1_core_set_summary.json:method; docs/08_stage2_production_protocol.md:42-43,PARTIAL,「由 audit 冻结方法」要求满足；但未采用 RS-hybrid 作为生产方法（主动取舍，RS-hybrid 仅审计臂）。
关联口径,R5,§5.1 L366,若项目时间有限，broad pool 可以只做到 $P_0$，但结构和 metadata 仍应一次性建立。,broad pool 仅做 P0（GFN2-xTB opt，40 分子），结构与 metadata 一次性建立,outputs/week3/p0_broad_pool_summary.json:n_total; config/scientific_definitions.yaml:dataset.broad_pool,PASS,与核心文件「时间有限时 broad pool 可只做到 P0」一致。
