number_id,metric,unit,value,source,source_sha256,reproduce_command,traceable
L01,Gate 1 排序一致性 Kendall tau_b,1,0.42857142857142855,outputs/week25/series_rel_ordering_check.json,9eac280f1edc6def1d390c03c216abbb1a2e30e8cbd7a8693597abd2178949ae,.venv\Scripts\python.exe scripts/build_week34_wp7_external_reference_boundary.py,True
L02,Gate 1 within-series 可用 pair 数,pairs,21,outputs/week25/series_rel_ordering_check.json,9eac280f1edc6def1d390c03c216abbb1a2e30e8cbd7a8693597abd2178949ae,.venv\Scripts\python.exe scripts/build_week34_wp7_external_reference_boundary.py,True
L03,Gate 1 concordant / discordant,pairs,15,outputs/week25/series_rel_ordering_check.json,9eac280f1edc6def1d390c03c216abbb1a2e30e8cbd7a8693597abd2178949ae,.venv\Scripts\python.exe scripts/build_week34_wp7_external_reference_boundary.py,True
L04,溶液相 anchor 仍为 estimates 的行数,rows,31,outputs/week2/solution_anchor_audit.json,bec6f71270fac92066cfe1cc9239e012d2e595f48c84fa1ec233d3b111e34719,.venv\Scripts\python.exe scripts/build_week34_wp7_external_reference_boundary.py,True
L05,P0->P1v 氧化轴 tau_b,1,0.673202614379085,outputs/gate1/gate1_dual_track.json,2487b779530d43ff80b6a5e603e5aaac1662ee94f66ff652772cf87324b5b0e1,.venv\Scripts\python.exe scripts/gate1_dual_track_report.py,True
L06,P0->P1v 氧化轴 UNRESOLVED pair 数,pairs,70,outputs/gate1/gate1_dual_track.json,2487b779530d43ff80b6a5e603e5aaac1662ee94f66ff652772cf87324b5b0e1,.venv\Scripts\python.exe scripts/gate1_dual_track_report.py,True
L07,P1v vs P1a 绝热阶梯分子数,molecules,12,outputs/phase2_p1a/p1v_vs_p1a.json,71c7fad051e82a47cb08a95c29e285a7fad974d293268c7fc0827eca261501f0,.venv\Scripts\python.exe scripts/build_p1v_vs_p1a.py,True
L08,P1v vs P1a tau_b,1,0.7878787878787878,outputs/phase2_p1a/p1v_vs_p1a.json,71c7fad051e82a47cb08a95c29e285a7fad974d293268c7fc0827eca261501f0,.venv\Scripts\python.exe scripts/build_p1v_vs_p1a.py,True
L09,P1v vs P1a ROBUST_INVERSION 数,pairs,2,outputs/phase2_p1a/p1v_vs_p1a.json,71c7fad051e82a47cb08a95c29e285a7fad974d293268c7fc0827eca261501f0,.venv\Scripts\python.exe scripts/build_p1v_vs_p1a.py,True
L10,反转不可能阈值 z* = 1/sqrt(2),1,0.7071067811865475,outputs/week27/estimator_circularity.json,7701e27c1bd56586ea30e948785448505b4ea605d59522a8dfd7412387f9c757,.venv\Scripts\python.exe scripts/audit_estimator_circularity.py,True
L11,双方解析子集内最大反向 pair 数（T6b）,pairs,0,outputs/week27/estimator_circularity.json,7701e27c1bd56586ea30e948785448505b4ea605d59522a8dfd7412387f9c757,.venv\Scripts\python.exe scripts/audit_estimator_circularity.py,True
L12,WP5 与 Stage 7 对账的 OOF 预测行数,rows,288,outputs/week32/wp5_delta_learning.json,2e641278b7b63d1b3c3ea7292fb3c6849869eb46cf1ed26dcb57a41038e55625,.venv\Scripts\python.exe scripts/build_week32_wp5_delta_learning.py,True
L13,主动学习曲线单元格数,cells,296,outputs/week7/stage8_al_results.json,d2a6298cb47f604a32b0fb92f9b7812cfe1475b03417317e15ed54f71aa069fd,.venv\Scripts\python.exe scripts/build_week33_wp6_active_learning_budget.py,True
L14,主动学习逐 repeat 记录数,rows,5920,outputs/week7/stage8_al_results.json,d2a6298cb47f604a32b0fb92f9b7812cfe1475b03417317e15ed54f71aa069fd,.venv\Scripts\python.exe scripts/build_week33_wp6_active_learning_budget.py,True
L15,WP2 主表行数,rows,299,outputs/week29/wp2_physics_response.json,9470afb7b3843b5ba7dd8e256098bd0a245eca2d533aade6e06703e4090a6515,.venv\Scripts\python.exe scripts/build_week29_wp2_physics_response.py,True
L16,WP4 主表行数,rows,918,outputs/week31/wp4_decision_identifiability.json,8e3ffd7e6fa2c9801a6e2b0425d69077134bc63a5f0612d56b58fb0b14312afd,.venv\Scripts\python.exe scripts/build_week31_wp4_decision_identifiability.py,True
